feature,mean_abs_shap,rank,top5_frequency
OverTime_No,0.5107511658990439,1.0,0.0
YearsSinceLastPromotion,0.4643460193987464,2.0,0.0
EnvironmentSatisfaction,0.38047575377259246,3.0,0.0
NumCompaniesWorked,0.37109688700484456,4.0,0.0
YearsWithCurrManager,0.3158248342826148,5.0,0.0
JobSatisfaction,0.300799560523095,6.0,0.0
JobInvolvement,0.30003137154735654,7.0,0.0
Age,0.297301414226717,8.0,0.0
TotalWorkingYears,0.29445681551981423,9.0,0.0
Department_Research & Development,0.28116922348656864,10.0,0.0
YearsInCurrentRole,0.2794398422916309,11.0,0.0
StockOptionLevel,0.25569488795360307,12.0,0.0
OverTime_Yes,0.24894633847833464,13.0,0.0
RelationshipSatisfaction,0.23822677388609534,14.0,0.0
DistanceFromHome,0.23020445269689654,15.0,0.0
Gender_Female,0.2158287229188843,16.0,0.0
MaritalStatus_Married,0.19404273941099034,17.0,0.0
JobRole_Laboratory Technician,0.18817348763628247,18.0,0.0
WorkLifeBalance,0.18465376388331417,19.0,0.0
BusinessTravel_Travel_Frequently,0.17036452740723687,20.0,0.0
EducationField_Medical,0.16190866193999676,21.0,0.0
TrainingTimesLastYear,0.15406300157403224,22.0,0.0
BusinessTravel_Non-Travel,0.14824902879814977,23.0,0.0
MaritalStatus_Divorced,0.14241032222141173,24.0,0.0
DailyRate,0.13366912303467154,25.0,0.0
MonthlyIncome,0.12958951135621358,26.0,0.0
JobRole_Research Scientist,0.12678105616325774,27.0,1.0
BusinessTravel_Travel_Rarely,0.10645116320993638,28.0,0.0
MaritalStatus_Single,0.10431500981426438,29.0,0.0
EducationField_Life Sciences,0.09541188032736515,30.0,0.0
YearsAtCompany,0.08318277692880724,31.0,0.0
PercentSalaryHike,0.08162044075789243,32.0,0.0
JobRole_Sales Executive,0.07537282512613168,33.0,1.0
Gender_Male,0.07402662172547476,34.0,0.0
JobRole_Healthcare Representative,0.06853572400740487,35.0,0.5
JobLevel,0.06294272832306794,36.0,0.0
JobRole_Research Director,0.06027098120375367,37.0,0.0
JobRole_Sales Representative,0.05450378755612726,38.0,0.0
JobRole_Manufacturing Director,0.04865873105322342,39.0,0.0
Department_Sales,0.03930095800945031,40.0,1.0
EducationField_Technical Degree,0.03784387397890797,41.0,0.0
PerformanceRating,0.03487245396755077,42.0,0.0
EducationField_Other,0.02483052699880734,43.0,0.0
MonthlyRate,0.01590239191730209,44.0,0.0
HourlyRate,0.014015328853343851,45.0,0.0
EducationField_Human Resources,0.008156933488132125,46.0,0.0
Department_Human Resources,0.005222687581022652,47.0,0.0
Education,0.004495992266858526,48.0,0.0
EducationField_Marketing,0.003226679266356361,49.0,0.0
JobRole_Human Resources,0.002418500151323542,50.0,1.0
JobRole_Manager,0.0013374982487900703,51.0,0.5
