model,strategy,n_folds,accuracy_mean,accuracy_std,balanced_accuracy_mean,balanced_accuracy_std,precision_mean,precision_std,recall_mean,recall_std,f1_mean,f1_std,roc_auc_mean,roc_auc_std,pr_auc_mean,pr_auc_std,mcc_mean,mcc_std
Logistic Regression,No handling,10,0.8813829787234042,0.01926840849205271,0.671660827808742,0.080454376097958,0.8307742662282305,0.1112106713915879,0.36172043010752686,0.17293540954772216,0.47312222518421987,0.16260214223260708,0.820405820131966,0.04803536019934281,0.6358254523387539,0.07695596132499168,0.47998740577724985,0.11292119198900613
Logistic Regression,Class weight,10,0.7558510638297873,0.03311855507425907,0.746919467107767,0.035763052380676855,0.3742749467025502,0.04640650033367556,0.7336559139784946,0.06656069351191624,0.49411316013201906,0.04640124614426387,0.8124968248229919,0.044816255273418995,0.6192135973995054,0.07301312979720362,0.3917524389175609,0.06104466718529523
Logistic Regression,SMOTE-NC,10,0.7813829787234042,0.05184161883068241,0.727874807430391,0.0661165377391681,0.4023161420925726,0.0954632826606258,0.6486021505376344,0.10137452838461404,0.4937919121804747,0.09348778771211386,0.804286432609523,0.049136656670865794,0.5929900073434545,0.09477860211216858,0.3840081978894562,0.12153391576549412
Logistic Regression,Random undersampling,10,0.7202127659574469,0.030628117562679694,0.7309954840963728,0.03801467283900121,0.3371716797225067,0.032881859644205175,0.7468817204301075,0.07394500645166623,0.4637277427129513,0.04013028963605621,0.8039717888232035,0.044381482694169604,0.5895034943553077,0.06545446546522003,0.35539396150639824,0.0581810449499784
Logistic Regression,Threshold tuning,10,0.8718085106382979,0.019333559678771598,0.7326781415179644,0.06159148683338895,0.6401865768639963,0.10070735042200843,0.5268817204301075,0.13901266308113938,0.5624731179088382,0.09194448168030585,0.8243144565267334,0.044253638539304835,0.6426192651943676,0.07055325596650983,0.5014202373745771,0.08676867613090876
Logistic Regression,Calibrated sigmoid + threshold,10,0.8702127659574469,0.01722689049856896,0.7423671562291122,0.05573696488052364,0.6177361371443528,0.07238171196215239,0.5532258064516128,0.12773164700370443,0.5743203154183585,0.07126241014686543,0.819888675910008,0.046530603639255305,0.6415369523678944,0.07033777345607808,0.5058211552764692,0.0767374926577719
Logistic Regression,Calibrated isotonic + threshold,10,0.8648936170212765,0.025961709528685272,0.7470525297816433,0.057007342317576225,0.5852219783222067,0.07501861899208595,0.5727956989247311,0.11245578974268737,0.5756888282933077,0.08586266481768119,0.8234776250803005,0.048131125128102976,0.635762476243028,0.07957746083917994,0.4978436214747883,0.0985957998051999
Random Forest,No handling,10,0.8617021276595744,0.017006494763520272,0.5976230993368757,0.04381550289225484,0.7757867132867133,0.17132367459902523,0.2073118279569893,0.08720335087364439,0.31980500120035005,0.11626328487958028,0.8007728684267335,0.04852355693550934,0.5450458713809925,0.10646904718862246,0.3480529684659169,0.11516208476655347
Random Forest,Class weight,10,0.8367021276595745,0.02508097644646381,0.6866232848625765,0.03882446892884823,0.5016581337080345,0.08240699006180163,0.4646236559139784,0.07212312099392355,0.47931162724450715,0.0667741908301554,0.7855875226163632,0.040453801716217846,0.5016574450164605,0.08974824451500008,0.385271150509755,0.0800299514853562
Random Forest,SMOTE-NC,10,0.852659574468085,0.02630455246546556,0.6557705601922532,0.05885466635915829,0.5692132505175984,0.12879814575247167,0.3648387096774194,0.11209307100169427,0.4402479987612645,0.11401661559475423,0.7808447986482632,0.06555625480583054,0.506388937885521,0.11676113929803936,0.374787440454486,0.12459677052035056
Random Forest,Random undersampling,10,0.7542553191489362,0.0394717648492039,0.7248647049491148,0.04675947618762296,0.3664371005011541,0.04950977626513493,0.6812903225806451,0.10965539638802527,0.47303336705791743,0.05279378455315232,0.7949807885535843,0.052224504432102796,0.543404209255081,0.09154206963700054,0.3626953533913526,0.07243452536972467
Random Forest,Threshold tuning,10,0.8324468085106382,0.03635832740143598,0.7167535039649616,0.057914870894757664,0.4930960207394744,0.09478135411996401,0.5458064516129032,0.11397872004666511,0.5126184969693557,0.08921277259416452,0.7979426500179023,0.046962108842478784,0.5404948591180927,0.1078732741844682,0.4169907592983515,0.10670367680731944
Random Forest,Calibrated sigmoid + threshold,10,0.8297872340425532,0.029774566708770687,0.6999189538777906,0.061911511386051096,0.49110107523686175,0.09206522732555669,0.5076344086021505,0.1580116378688046,0.4836561663402361,0.08168464685337327,0.8039659109528652,0.04370797918320425,0.5472566633618614,0.1013985001094563,0.3940315597997869,0.089966188438893
Random Forest,Calibrated isotonic + threshold,10,0.823404255319149,0.041792852534996,0.6993508984558886,0.062463191456410196,0.47502136681638263,0.12114101099866796,0.5161290322580645,0.12046637105498491,0.48652694078243525,0.09779436097335893,0.7944955824943497,0.04723767716785913,0.5331899900864242,0.10943913020655069,0.3869016739407945,0.12072163035922728
XGBoost,No handling,10,0.8776595744680851,0.01958397343472917,0.6707736768506405,0.036391325597329334,0.7734829059829059,0.14878435604599385,0.36505376344086027,0.072830006616068,0.489618752103908,0.07854596486662183,0.807794368167951,0.04667777240893612,0.597553238952684,0.07526453808080215,0.4726778507724553,0.09154440225090928
XGBoost,Class weight,10,0.8436170212765959,0.04583942028527341,0.7234770247226001,0.04122626560768638,0.5461479156314675,0.1412484013095741,0.5459139784946236,0.06413076865867673,0.5371773370011563,0.08439758582742207,0.8019209365753517,0.05085592404484733,0.5872989850180664,0.09141293140776012,0.449919050919219,0.10985231386506403
XGBoost,SMOTE-NC,10,0.8638297872340426,0.020401631012258902,0.691798190517556,0.037203092669844194,0.6155288129744652,0.09345910455969708,0.4375268817204301,0.07028828278805223,0.5087595185624227,0.07308012269887472,0.8033107841581858,0.0391993008910051,0.5733147050030979,0.07982849595778568,0.44259256240214384,0.08300720073517485
XGBoost,Random undersampling,10,0.7319148936170212,0.05146121966999073,0.720873171509841,0.040324510839140335,0.34740941433741374,0.054072130863594525,0.7044086021505376,0.06668487437797176,0.4627306390159405,0.05336130862445769,0.7896707612362255,0.04083709614570348,0.5415915562692696,0.07869828035307427,0.3486288540442931,0.07051598010558496
XGBoost,Threshold tuning,10,0.8606382978723403,0.026866236772873482,0.7201868521230123,0.05546252149812963,0.5892667730751222,0.08974195066215436,0.5127956989247311,0.11844611930006792,0.5406616720982942,0.08040013649202063,0.8072456845768323,0.04245011078508956,0.5832115230989816,0.08982571549239592,0.4659160927982334,0.09282740303280804
XGBoost,Calibrated sigmoid + threshold,10,0.8547872340425531,0.02642379402164772,0.726103552817173,0.05266832352376202,0.5619648545735503,0.08712170307868702,0.536021505376344,0.1126557565532733,0.5420838657049565,0.07593789955365948,0.8101539343152325,0.04070966711957154,0.598094540016749,0.07900281254324869,0.4608646447240498,0.08962188062960626
XGBoost,Calibrated isotonic + threshold,10,0.848404255319149,0.027724283282113293,0.7148983553233306,0.04746667813145107,0.549176853436171,0.10991574755756833,0.5173118279569893,0.10719836314531425,0.52297945951228,0.07533920937369362,0.8088681241704444,0.036316303135027005,0.5892250483041686,0.06652870915933257,0.44036164251819665,0.08870239949309797
LightGBM,No handling,10,0.8712765957446809,0.023226273608245116,0.6618959296181378,0.048170168508700484,0.703053868645974,0.13173470449026747,0.35236559139784945,0.0878451410035538,0.4675361034875696,0.10101680382982607,0.7982044449877284,0.047158368242462466,0.5763388220332738,0.0956125525064506,0.4358962072543105,0.1141174016900266
LightGBM,Class weight,10,0.8611702127659573,0.0242396054611835,0.6972357840931651,0.060191562122341835,0.6034703664456986,0.10029452364034727,0.4547311827956989,0.13200522694636796,0.5073277851034963,0.10215076868376362,0.7904449582523825,0.04785452738394429,0.5695942448681992,0.09976210067742924,0.44199830045068833,0.10363725581813553
LightGBM,SMOTE-NC,10,0.8606382978723405,0.02349541669996801,0.668618661458076,0.039691257808509746,0.6183837043589366,0.11798269174203367,0.3848387096774194,0.0710553928145949,0.4716641761746465,0.0811485970788318,0.7940110699891372,0.05267289737896115,0.5408480406732024,0.09314430360392133,0.41278124423038476,0.09663162298886714
LightGBM,Random undersampling,10,0.6968085106382979,0.04314015978934909,0.6997176194798518,0.04938273666807654,0.31071016659885686,0.042822207422077194,0.7039784946236559,0.08465317018283387,0.43010312801095374,0.05289130504764329,0.758924176339578,0.04062332236298795,0.48024872566452964,0.07657957023477285,0.306246299120872,0.07703747886325824
LightGBM,Threshold tuning,10,0.7659574468085106,0.18225363509587036,0.6946760625897828,0.06899544005621079,0.48650767282906787,0.17020392180941682,0.589247311827957,0.2157205910184397,0.48265422031460214,0.10696018672740006,0.7863904717814543,0.044263773735120096,0.5661850548643874,0.09174431220375094,0.39196165222232454,0.13480226423715186
LightGBM,Calibrated sigmoid + threshold,10,0.8468085106382979,0.021686361491376798,0.7428626442267262,0.05044543947622188,0.5234348437338209,0.05974742628636721,0.5891397849462365,0.10114699150808719,0.5521434361433032,0.07145315341344419,0.8067191817102868,0.048514989632728885,0.5943303177555327,0.08172697888675702,0.4630557165309586,0.08412504791940803
LightGBM,Calibrated isotonic + threshold,10,0.8515957446808511,0.023178852262214174,0.718718619931529,0.05885029670201372,0.5428572627401932,0.07557080410903284,0.5224731182795699,0.1194548430969516,0.5284104739306746,0.08678059005422241,0.7964353035469219,0.055224302971797125,0.5654700183397378,0.0866964986761613,0.4434452070244254,0.09867179154435858
Stacking,No handling,10,0.8739361702127659,0.017561248956616135,0.6593899368779146,0.04335212775760475,0.7390442645589704,0.10490970961279104,0.34225806451612906,0.08533183808475311,0.46364158042670767,0.09358346038831519,0.8085180961248536,0.04363913793410859,0.5808721812912949,0.10090677840709153,0.44411139261919297,0.09451937424689213
Stacking,Class weight,10,0.798936170212766,0.025546686034507635,0.7272332309474208,0.048851973551861265,0.41974803973347863,0.04725330265891617,0.6213978494623655,0.10366598948637845,0.4986461192287825,0.05662609032587246,0.7998565686934915,0.044878556972923866,0.5716794294407097,0.09638773088121572,0.3924288931170091,0.07501938963543417
Stacking,SMOTE-NC,10,0.8702127659574469,0.012335125624770264,0.647824750168837,0.029384954145608235,0.7307769423558896,0.0925783009596376,0.31913978494623657,0.060508331705888506,0.44072248423411214,0.06547664979840963,0.8028475897697314,0.04099715504839357,0.5733099187706593,0.08543281734228839,0.42375058404541655,0.06569603309799231
Stacking,Random undersampling,10,0.8558510638297874,0.007288937869182418,0.5675780530031322,0.031037670864327776,0.8823809523809525,0.1359725566252353,0.14150537634408605,0.0702677179771769,0.23326535569182627,0.09430170993951405,0.7901941734526592,0.049576240316706,0.541795157627855,0.09336633092985479,0.3020672284937065,0.06354947223726151
Stacking,Threshold tuning,10,0.8345744680851063,0.025503579627460034,0.7262778516123831,0.058977263739989134,0.4978455626644992,0.06376397251471458,0.5661290322580645,0.13736275648396737,0.5203627989118579,0.073687382021721,0.8063783259166399,0.04488784933984197,0.5825001311528644,0.09974487884203105,0.4295886235579308,0.08349468344101095
Stacking,Calibrated sigmoid + threshold,10,0.8436170212765959,0.04036950204470272,0.7023373637491449,0.049708815671316575,0.5489893211289092,0.12911123619578468,0.4935483870967742,0.12454462214980414,0.5048796519864774,0.07842080536009327,0.8126145816265403,0.04330944478744665,0.589185461339379,0.09819074649173545,0.4243959380697294,0.09630234138797765
Stacking,Calibrated isotonic + threshold,10,0.8388297872340426,0.03972976595832734,0.7285803339289229,0.0556531260099573,0.5107219806811458,0.09747107384473261,0.5656989247311828,0.09978130271846825,0.5333521711016689,0.08976025620329092,0.807640836980994,0.04315047668982027,0.5729866946676465,0.10970885375468624,0.4400201524669612,0.10929790727723333
