model,strategy,fold,repeat,fold_in_repeat,outer_random_state,inner_random_state,search_random_state,estimator_random_state,threshold_random_state,threshold,accuracy,balanced_accuracy,precision,recall,f1,roc_auc,pr_auc,mcc,tn,fp,fn,tp
Logistic Regression,No handling,0,0,0.0,2684470948.0,4029279179.0,4105897265.0,102725933.0,3512649701.0,0.5,0.898936170212766,0.7323813437435792,0.8333333333333334,0.4838709677419355,0.6122448979591837,0.8682966920073968,0.7336069553707182,0.5861398032770043,154,3,16,15
Logistic Regression,No handling,1,0,1.0,2684470948.0,1907587041.0,1825371592.0,2549310062.0,2096371409.0,0.5,0.8670212765957447,0.6097185124306554,0.875,0.22580645161290322,0.358974358974359,0.7780973905896855,0.5694461356819117,0.4034217728037728,156,1,24,7
Logistic Regression,No handling,2,0,2.0,2684470948.0,550160846.0,2049507875.0,4055454050.0,2719828950.0,0.5,0.8670212765957447,0.5833333333333334,1.0,0.16666666666666666,0.2857142857142857,0.8651898734177216,0.6186074682258769,0.3793388938100241,158,0,25,5
Logistic Regression,No handling,3,0,3.0,2684470948.0,456733724.0,996297436.0,1996296376.0,1673607927.0,0.5,0.8936170212765957,0.7341772151898734,0.75,0.5,0.6,0.8071729957805907,0.6254885141745299,0.5562809208749439,153,5,15,15
Logistic Regression,No handling,4,0,4.0,2684470948.0,3899025672.0,587376926.0,1446288183.0,30325782.0,0.5,0.8617021276595744,0.580168776371308,0.8333333333333334,0.16666666666666666,0.2777777777777778,0.7732067510548523,0.5656943815698682,0.3340512508171713,157,1,25,5
Logistic Regression,No handling,5,1,0.0,4091952314.0,2709696717.0,1354799501.0,1282762961.0,3021396993.0,0.5,0.8670212765957447,0.6485514690774604,0.7142857142857143,0.3225806451612903,0.4444444444444444,0.7887815903020341,0.5657122359181594,0.4199513462768559,153,4,21,10
Logistic Regression,No handling,6,1,1.0,4091952314.0,241719485.0,1780566804.0,2836972548.0,8076297.0,0.5,0.8936170212765957,0.7162523114855147,0.8235294117647058,0.45161290322580644,0.5833333333333334,0.7834394904458598,0.6203407768275863,0.5596273243184654,154,3,17,14
Logistic Regression,No handling,7,1,2.0,4091952314.0,3113315634.0,4286836222.0,3854364186.0,1215598099.0,0.5,0.8670212765957447,0.5833333333333334,1.0,0.16666666666666666,0.2857142857142857,0.7763713080168776,0.595260861164422,0.3793388938100241,158,0,25,5
Logistic Regression,No handling,8,1,3.0,4091952314.0,523556381.0,1231798989.0,2059904202.0,4262543476.0,0.5,0.9202127659574468,0.8040084388185653,0.8260869565217391,0.6333333333333333,0.7169811320754716,0.8966244725738396,0.7979726213277989,0.679514792666036,154,4,11,19
Logistic Regression,No handling,9,1,4.0,4091952314.0,3458391536.0,2810828935.0,2274104450.0,1108222719.0,0.5,0.8776595744680851,0.7246835443037974,0.6521739130434783,0.5,0.5660377358490566,0.8668776371308018,0.6661245731266674,0.5022090591182015,150,8,15,15
Logistic Regression,Class weight,0,0,0.0,2684470948.0,4029279179.0,1003961512.0,4274209957.0,1190844966.0,0.5,0.824468085106383,0.7913499075405794,0.4791666666666667,0.7419354838709677,0.5822784810126582,0.8576124922950482,0.7328028571456777,0.4958963558742593,132,25,8,23
Logistic Regression,Class weight,1,0,1.0,2684470948.0,1907587041.0,2945931455.0,2620989842.0,2515509848.0,0.5,0.7393617021276596,0.7145058557633039,0.35,0.6774193548387096,0.46153846153846156,0.776864598315184,0.5339136566515008,0.3415224137173086,118,39,10,21
Logistic Regression,Class weight,2,0,2.0,2684470948.0,550160846.0,1849226273.0,3843203930.0,1807798019.0,0.5,0.7340425531914894,0.7337552742616034,0.34375,0.7333333333333333,0.46808510638297873,0.8485232067510549,0.6026358271688236,0.3613098119099278,116,42,8,22
Logistic Regression,Class weight,3,0,3.0,2684470948.0,456733724.0,977137299.0,2951548202.0,4012095733.0,0.5,0.7446808510638298,0.7130801687763713,0.3448275862068966,0.6666666666666666,0.45454545454545453,0.8033755274261604,0.5918054889776847,0.3378909233884427,120,38,10,20
Logistic Regression,Class weight,4,0,4.0,2684470948.0,3899025672.0,3546528190.0,521448777.0,3124820892.0,0.5,0.7553191489361702,0.7059071729957807,0.35185185185185186,0.6333333333333333,0.4523809523809524,0.7632911392405063,0.568694537061613,0.33330464291444556,123,35,11,19
Logistic Regression,Class weight,5,1,0.0,4091952314.0,2709696717.0,957323461.0,2691067540.0,1422198014.0,0.5,0.7127659574468085,0.737415245531128,0.3380281690140845,0.7741935483870968,0.47058823529411764,0.7838504212040271,0.5855751940222393,0.3634520871138415,110,47,7,24
Logistic Regression,Class weight,6,1,1.0,4091952314.0,241719485.0,594052520.0,3181279295.0,1575560408.0,0.5,0.7819148936170213,0.7529278816519417,0.4074074074074074,0.7096774193548387,0.5176470588235295,0.7836449558249434,0.6003299412664879,0.41486624104903497,125,32,9,22
Logistic Regression,Class weight,7,1,2.0,4091952314.0,3113315634.0,1842068043.0,859899040.0,4215222046.0,0.5,0.7287234042553191,0.7440928270042194,0.34328358208955223,0.7666666666666667,0.4742268041237113,0.7658227848101267,0.5695004164954734,0.3732880586886382,114,44,7,23
Logistic Regression,Class weight,8,1,3.0,4091952314.0,523556381.0,2286203142.0,1190208763.0,1561752405.0,0.5,0.7872340425531915,0.819409282700422,0.41935483870967744,0.8666666666666667,0.5652173913043478,0.8831223628691983,0.7585483315408373,0.4976059706245985,122,36,4,26
Logistic Regression,Class weight,9,1,4.0,4091952314.0,3458391536.0,3459213072.0,4262935927.0,1064033893.0,0.5,0.75,0.7567510548523206,0.36507936507936506,0.7666666666666667,0.4946236559139785,0.8588607594936709,0.6483297236647158,0.39838788389511176,118,40,7,23
Logistic Regression,SMOTE-NC,0,0,0.0,2684470948.0,4029279179.0,1940131830.0,2589018594.0,835683276.0,0.5,0.8670212765957447,0.8168276145469489,0.575,0.7419354838709677,0.647887323943662,0.8814464762687487,0.721719154742071,0.5745434036901961,140,17,8,23
Logistic Regression,SMOTE-NC,1,0,1.0,2684470948.0,1907587041.0,438564525.0,1964706876.0,2684742819.0,0.5,0.723404255319149,0.6272858023423054,0.29411764705882354,0.4838709677419355,0.36585365853658536,0.7337168687076226,0.4191870502045518,0.2124688472451831,121,36,16,15
Logistic Regression,SMOTE-NC,2,0,2.0,2684470948.0,550160846.0,2425325085.0,1885638759.0,2034382024.0,0.5,0.7712765957446809,0.7154008438818565,0.37254901960784315,0.6333333333333333,0.4691358024691358,0.839240506329114,0.5899178109788082,0.35483070595144794,126,32,11,19
Logistic Regression,SMOTE-NC,3,0,3.0,2684470948.0,456733724.0,4056021112.0,1480764330.0,3833442139.0,0.5,0.7659574468085106,0.6987341772151898,0.36,0.6,0.45,0.7850210970464134,0.60371966164031,0.329433061474247,126,32,12,18
Logistic Regression,SMOTE-NC,4,0,4.0,2684470948.0,3899025672.0,3545531724.0,1681206389.0,1660908854.0,0.5,0.7819148936170213,0.7082278481012658,0.3829787234042553,0.6,0.4675324675324675,0.7691983122362871,0.6037305981472939,0.3522082237986393,129,29,12,18
Logistic Regression,SMOTE-NC,5,1,0.0,4091952314.0,2709696717.0,576964997.0,3945639892.0,2161510343.0,0.5,0.7127659574468085,0.6468050133552496,0.2982456140350877,0.5483870967741935,0.38636363636363635,0.7450174645572221,0.46326883565900345,0.23704373417081265,117,40,14,17
Logistic Regression,SMOTE-NC,6,1,1.0,4091952314.0,241719485.0,1182123724.0,2849939526.0,2325222427.0,0.5,0.8457446808510638,0.7652558043969591,0.5263157894736842,0.6451612903225806,0.5797101449275363,0.8037805629751387,0.6405331819875157,0.490216739373961,139,18,11,20
Logistic Regression,SMOTE-NC,7,1,2.0,4091952314.0,3113315634.0,3821201220.0,607797539.0,4185918705.0,0.5,0.75,0.7162447257383966,0.3508771929824561,0.6666666666666666,0.45977011494252873,0.7945147679324894,0.5769771977611554,0.3445812281362785,121,37,10,20
Logistic Regression,SMOTE-NC,8,1,3.0,4091952314.0,523556381.0,2083539345.0,4027699665.0,1156544529.0,0.5,0.8351063829787234,0.8343881856540085,0.49019607843137253,0.8333333333333334,0.6172839506172839,0.8675105485232066,0.7132510074250449,0.5508390489060185,132,26,5,25
Logistic Regression,SMOTE-NC,9,1,4.0,4091952314.0,3458391536.0,3882655913.0,1276335423.0,390623639.0,0.5,0.7606382978723404,0.7495780590717299,0.3728813559322034,0.7333333333333333,0.4943820224719101,0.8234177215189873,0.5975955748887906,0.3939169861477784,121,37,8,22
Logistic Regression,Random undersampling,0,0,0.0,2684470948.0,4029279179.0,2760053715.0,3291039050.0,2555809418.0,0.5,0.7659574468085106,0.7563180604068215,0.3898305084745763,0.7419354838709677,0.5111111111111111,0.8658311074583933,0.7210364583522689,0.40993879092120145,121,36,8,23
Logistic Regression,Random undersampling,1,0,1.0,2684470948.0,1907587041.0,1707303629.0,4111900003.0,1017251375.0,0.5,0.7180851063829787,0.7276556400246559,0.3382352941176471,0.7419354838709677,0.46464646464646464,0.7774809944524348,0.5344671994387508,0.3516365444403362,112,45,8,23
Logistic Regression,Random undersampling,2,0,2.0,2684470948.0,550160846.0,677783689.0,2131075795.0,2389997028.0,0.5,0.7074468085106383,0.7179324894514767,0.3188405797101449,0.7333333333333333,0.4444444444444444,0.8284810126582278,0.5238781813376886,0.3311640005005992,111,47,8,22
Logistic Regression,Random undersampling,3,0,3.0,2684470948.0,456733724.0,1324952582.0,1542518038.0,3973388053.0,0.5,0.7340425531914894,0.7337552742616034,0.34375,0.7333333333333333,0.46808510638297873,0.8075949367088607,0.5663232471024877,0.3613098119099278,116,42,8,22
Logistic Regression,Random undersampling,4,0,4.0,2684470948.0,3899025672.0,3143297705.0,2738574463.0,2557268617.0,0.5,0.6861702127659575,0.6647679324894515,0.2835820895522388,0.6333333333333333,0.3917525773195876,0.7394514767932491,0.5749461612388883,0.2519775054760816,110,48,11,19
Logistic Regression,Random undersampling,5,1,0.0,4091952314.0,2709696717.0,3876456620.0,491804835.0,1407007054.0,0.5,0.6648936170212766,0.7216971440312308,0.3048780487804878,0.8064516129032258,0.4424778761061947,0.7889870556811176,0.5846489217279642,0.3317881786540455,100,57,6,25
Logistic Regression,Random undersampling,6,1,1.0,4091952314.0,241719485.0,3267244141.0,157023131.0,2622371564.0,0.5,0.7340425531914894,0.6983768235052394,0.3389830508474576,0.6451612903225806,0.4444444444444444,0.7624820217793302,0.517013661410483,0.31727126463680966,118,39,11,20
Logistic Regression,Random undersampling,7,1,2.0,4091952314.0,3113315634.0,2942685823.0,1165752702.0,672728203.0,0.5,0.7021276595744681,0.7147679324894515,0.3142857142857143,0.7333333333333333,0.44,0.7664556962025316,0.5709231445693839,0.32538578725020645,110,48,8,22
Logistic Regression,Random undersampling,8,1,3.0,4091952314.0,523556381.0,33600539.0,701522250.0,1691661104.0,0.5,0.75,0.7837552742616034,0.373134328358209,0.8333333333333334,0.5154639175257731,0.8348101265822785,0.6486226876529855,0.43394333529491647,116,42,5,25
Logistic Regression,Random undersampling,9,1,4.0,4091952314.0,3458391536.0,2547615828.0,822920510.0,2525975860.0,0.5,0.7393617021276596,0.7909282700421941,0.36619718309859156,0.8666666666666667,0.5148514851485149,0.8681434599156117,0.6531752807221753,0.4395243959798583,113,45,4,26
Logistic Regression,Threshold tuning,0,0,0.0,2684470948.0,4029279179.0,4053490478.0,2873181299.0,3104279283.0,0.35863478254715936,0.898936170212766,0.7712143003903842,0.75,0.5806451612903226,0.6545454545454545,0.8680912266283132,0.7335534594096632,0.6031782999240738,151,6,13,18
Logistic Regression,Threshold tuning,1,0,1.0,2684470948.0,1907587041.0,3042774529.0,2256714295.0,3004386087.0,0.394029215843434,0.8829787234042553,0.6710499280871174,0.8461538461538461,0.3548387096774194,0.5,0.7758372714197657,0.564690895017723,0.500371844382349,155,2,20,11
Logistic Regression,Threshold tuning,2,0,2.0,2684470948.0,550160846.0,709602701.0,2202751764.0,1094827670.0,0.4717588552824184,0.8617021276595744,0.6206751054852321,0.6666666666666666,0.26666666666666666,0.38095238095238093,0.869409282700422,0.627543053892472,0.36156792484354594,154,4,22,8
Logistic Regression,Threshold tuning,3,0,3.0,2684470948.0,456733724.0,969662186.0,4161471298.0,2924848487.0,0.3985256286219971,0.8882978723404256,0.7580168776371308,0.68,0.5666666666666667,0.6181818181818182,0.8065400843881857,0.6406841750243498,0.5565490878753923,150,8,13,17
Logistic Regression,Threshold tuning,4,0,4.0,2684470948.0,3899025672.0,2512315106.0,717583664.0,3024434913.0,0.3139747736883181,0.8563829787234043,0.7390295358649789,0.5483870967741935,0.5666666666666667,0.5573770491803278,0.7734177215189872,0.5644564381805789,0.471780581741577,144,14,13,17
Logistic Regression,Threshold tuning,5,1,0.0,4091952314.0,2709696717.0,1949858456.0,4158149711.0,2352355125.0,0.3241006761377178,0.8457446808510638,0.6875898911033491,0.5384615384615384,0.45161290322580644,0.49122807017543857,0.7978220669817135,0.5875157480986308,0.403297861190455,145,12,17,14
Logistic Regression,Threshold tuning,6,1,1.0,4091952314.0,241719485.0,2309905274.0,1201801149.0,3590330219.0,0.315854236219971,0.8563829787234043,0.7327922745017464,0.5666666666666667,0.5483870967741935,0.5573770491803278,0.7826176289295255,0.6170748510257941,0.471780581741577,144,13,14,17
Logistic Regression,Threshold tuning,7,1,2.0,4091952314.0,3113315634.0,4228984763.0,2706208516.0,3812448431.0,0.3095905509666945,0.8563829787234043,0.7390295358649789,0.5483870967741935,0.5666666666666667,0.5573770491803278,0.8141350210970464,0.6434571352251351,0.471780581741577,144,14,13,17
Logistic Regression,Threshold tuning,8,1,3.0,4091952314.0,523556381.0,1456016481.0,3326338932.0,624095705.0,0.3239822285718233,0.898936170212766,0.8453586497890295,0.6571428571428571,0.7666666666666667,0.7076923076923077,0.8873417721518987,0.7840626552965835,0.6498449773938318,146,12,7,23
Logistic Regression,Threshold tuning,9,1,4.0,4091952314.0,3458391536.0,416954186.0,2012762475.0,3650663311.0,0.4083686203470882,0.8723404255319149,0.7620253164556963,0.6,0.6,0.6,0.8679324894514768,0.6631542407727467,0.5240506329113924,146,12,12,18
Logistic Regression,Calibrated sigmoid + threshold,0,0,0.0,2684470948.0,4029279179.0,166347139.0,3468871304.0,3468849857.0,0.30774476877192186,0.9042553191489362,0.8002876515307171,0.7407407407407407,0.6451612903225806,0.6896551724137931,0.8635709882884733,0.7225363809137968,0.6354821001571164,150,7,11,20
Logistic Regression,Calibrated sigmoid + threshold,1,0,1.0,2684470948.0,1907587041.0,3000094519.0,1271229866.0,3469766510.0,0.3130701322354423,0.8563829787234043,0.6939593178549415,0.5833333333333334,0.45161290322580644,0.509090909090909,0.7651530717074173,0.5562743973682643,0.43136387509721635,147,10,17,14
Logistic Regression,Calibrated sigmoid + threshold,2,0,2.0,2684470948.0,550160846.0,1685836894.0,1394089510.0,2592425617.0,0.2960900423238704,0.8404255319148937,0.7160337552742616,0.5,0.5333333333333333,0.5161290322580645,0.8599156118143461,0.6273076376424274,0.4210207427978588,142,16,14,16
Logistic Regression,Calibrated sigmoid + threshold,3,0,3.0,2684470948.0,456733724.0,3556101316.0,3079484381.0,725024733.0,0.3323600117886547,0.8776595744680851,0.7381856540084388,0.64,0.5333333333333333,0.5818181818181818,0.7845991561181435,0.6097942164718367,0.5137726248661634,149,9,14,16
Logistic Regression,Calibrated sigmoid + threshold,4,0,4.0,2684470948.0,3899025672.0,1294008639.0,2683218155.0,3619375958.0,0.3386455436211599,0.8617021276595744,0.7151898734177216,0.5769230769230769,0.5,0.5357142857142857,0.7751054852320676,0.5627346678732091,0.45655890225779344,147,11,15,15
Logistic Regression,Calibrated sigmoid + threshold,5,1,0.0,4091952314.0,2709696717.0,3231426690.0,2345669441.0,4204341283.0,0.3558750887371079,0.8617021276595744,0.6712553934662009,0.631578947368421,0.3870967741935484,0.48,0.8002876515307171,0.6006238245761779,0.4216817192875302,150,7,19,12
Logistic Regression,Calibrated sigmoid + threshold,6,1,1.0,4091952314.0,241719485.0,947042279.0,74253176.0,1641039234.0,0.31978591713700716,0.8723404255319149,0.742346414629135,0.6296296296296297,0.5483870967741935,0.5862068965517241,0.777891925210602,0.628431381113092,0.5128642744682305,147,10,14,17
Logistic Regression,Calibrated sigmoid + threshold,7,1,2.0,4091952314.0,3113315634.0,2273646528.0,81836197.0,2953299187.0,0.33077869471908344,0.8829787234042553,0.7008438818565401,0.7222222222222222,0.43333333333333335,0.5416666666666666,0.8130801687763715,0.6536221096032813,0.4999390492620352,153,5,17,13
Logistic Regression,Calibrated sigmoid + threshold,8,1,3.0,4091952314.0,523556381.0,3134142742.0,2696525105.0,2334888904.0,0.26282772847027536,0.8776595744680851,0.8462025316455697,0.5853658536585366,0.8,0.676056338028169,0.8936708860759495,0.7847671633143858,0.6140430357850909,141,17,6,24
Logistic Regression,Calibrated sigmoid + threshold,9,1,4.0,4091952314.0,3458391536.0,1314097044.0,3135966789.0,3339596767.0,0.2810591619078441,0.8670212765957447,0.799367088607595,0.5675675675675675,0.7,0.6268656716417911,0.8656118143459915,0.6692777448024723,0.551485228785657,142,16,9,21
Logistic Regression,Calibrated isotonic + threshold,0,0,0.0,2684470948.0,4029279179.0,3848767543.0,1795990820.0,2142573988.0,0.28138528138528135,0.9042553191489362,0.8261762892952538,0.7096774193548387,0.7096774193548387,0.7096774193548387,0.8876104376412575,0.7617003752867808,0.6523525785905075,148,9,9,22
Logistic Regression,Calibrated isotonic + threshold,1,0,1.0,2684470948.0,1907587041.0,1378840125.0,213488355.0,3758714426.0,0.3499851336823426,0.8563829787234043,0.7069036367372098,0.5769230769230769,0.4838709677419355,0.5263157894736842,0.7984384631189645,0.5626295237521696,0.44482031349264867,146,11,16,15
Logistic Regression,Calibrated isotonic + threshold,2,0,2.0,2684470948.0,550160846.0,1512281611.0,1769895838.0,57394594.0,0.21596051007815711,0.851063829787234,0.7628691983122362,0.5277777777777778,0.6333333333333333,0.5757575757575758,0.8740506329113924,0.6272198107704204,0.4893119506127566,141,17,11,19
Logistic Regression,Calibrated isotonic + threshold,3,0,3.0,2684470948.0,456733724.0,1556980102.0,2961139605.0,3014845715.0,0.3824993364396163,0.8829787234042553,0.7548523206751054,0.6538461538461539,0.5666666666666667,0.6071428571428571,0.7940928270042193,0.6253648613797758,0.5407089744386416,149,9,13,17
Logistic Regression,Calibrated isotonic + threshold,4,0,4.0,2684470948.0,3899025672.0,2110674359.0,1317767699.0,3750759971.0,0.30521193427390003,0.8563829787234043,0.7120253164556962,0.5555555555555556,0.5,0.5263157894736842,0.7747890295358649,0.5549386126312992,0.4428045415403035,146,12,15,15
Logistic Regression,Calibrated isotonic + threshold,5,1,0.0,4091952314.0,2709696717.0,4087130213.0,3600984314.0,1800833100.0,0.3166666666666667,0.8351063829787234,0.6553318265872201,0.5,0.3870967741935484,0.43636363636363634,0.7743990137661804,0.529142085836532,0.3454566626837877,145,12,19,12
Logistic Regression,Calibrated isotonic + threshold,6,1,1.0,4091952314.0,241719485.0,2128454458.0,3904808816.0,868796176.0,0.20640960595298494,0.824468085106383,0.7266283131292377,0.47368421052631576,0.5806451612903226,0.5217391304347826,0.7809739058968563,0.6137159704494966,0.4188296386750418,137,20,13,18
Logistic Regression,Calibrated isotonic + threshold,7,1,2.0,4091952314.0,3113315634.0,3906402811.0,3753920349.0,2393047997.0,0.2854609929078014,0.8617021276595744,0.7151898734177216,0.5769230769230769,0.5,0.5357142857142857,0.7988396624472573,0.6470399980007884,0.45655890225779344,147,11,15,15
Logistic Regression,Calibrated isotonic + threshold,8,1,3.0,4091952314.0,523556381.0,2998671039.0,3731135046.0,2294433307.0,0.30637254901960786,0.898936170212766,0.8453586497890295,0.6571428571428571,0.7666666666666667,0.7076923076923077,0.8791139240506329,0.760271250182557,0.6498449773938318,146,12,7,23
Logistic Regression,Calibrated isotonic + threshold,9,1,4.0,4091952314.0,3458391536.0,4173015458.0,4178663001.0,2766244927.0,0.2784693811338446,0.8776595744680851,0.7651898734177215,0.6206896551724138,0.6,0.6101694915254238,0.8724683544303797,0.6756022741404599,0.5377476750625699,147,11,12,18
Random Forest,No handling,0,0,0.0,2684470948.0,4029279179.0,3395475071.0,3898172799.0,2576132864.0,0.5,0.8617021276595744,0.5806451612903226,1.0,0.16129032258064516,0.2777777777777778,0.8734333264844873,0.7060403433367699,0.3719875772439615,157,0,26,5
Random Forest,No handling,1,0,1.0,2684470948.0,1907587041.0,1415571853.0,1876676426.0,2107738235.0,0.5,0.8457446808510638,0.5710910211629341,0.625,0.16129032258064516,0.2564102564102564,0.7491267721388946,0.4013649745461862,0.2613931336893359,154,3,26,5
Random Forest,No handling,2,0,2.0,2684470948.0,550160846.0,113661774.0,3261873589.0,2766846563.0,0.5,0.8776595744680851,0.6571729957805907,0.7692307692307693,0.3333333333333333,0.46511627906976744,0.8073839662447257,0.5529977613724185,0.45373930038602095,155,3,20,10
Random Forest,No handling,3,0,3.0,2684470948.0,456733724.0,1331850046.0,344406898.0,3717489072.0,0.5,0.851063829787234,0.5603375527426161,0.6666666666666666,0.13333333333333333,0.2222222222222222,0.7770042194092827,0.4903305928897966,0.25141752035187104,156,2,26,4
Random Forest,No handling,4,0,4.0,2684470948.0,3899025672.0,1095540498.0,1642796316.0,2980318875.0,0.5,0.8723404255319149,0.6,1.0,0.2,0.3333333333333333,0.7856540084388187,0.5396361386999933,0.41668498128247156,158,0,24,6
Random Forest,No handling,5,1,0.0,4091952314.0,2709696717.0,859921928.0,4276632976.0,1515208791.0,0.5,0.8723404255319149,0.6387918635709883,0.8181818181818182,0.2903225806451613,0.42857142857142855,0.7881651941647831,0.5858516386782305,0.4388758667135501,155,2,22,9
Random Forest,No handling,6,1,1.0,4091952314.0,241719485.0,812156507.0,833332923.0,1940727231.0,0.5,0.8404255319148937,0.5808506266694062,0.5454545454545454,0.1935483870967742,0.2857142857142857,0.7378261762892953,0.4360103244472068,0.25565899859627234,152,5,25,6
Random Forest,No handling,7,1,2.0,4091952314.0,3113315634.0,2379548057.0,1342537366.0,2902724235.0,0.5,0.8563829787234043,0.5905063291139241,0.6666666666666666,0.2,0.3076923076923077,0.7679324894514767,0.4633148664590709,0.31049195137409025,155,3,24,6
Random Forest,No handling,8,1,3.0,4091952314.0,523556381.0,351728750.0,243645292.0,2925765690.0,0.5,0.8936170212765957,0.6666666666666666,1.0,0.3333333333333333,0.5,0.8655063291139241,0.7242262703387783,0.5439486646851283,158,0,20,10
Random Forest,No handling,9,1,4.0,4091952314.0,3458391536.0,3954258034.0,941370343.0,4062362160.0,0.5,0.8457446808510638,0.530168776371308,0.6666666666666666,0.06666666666666667,0.12121212121212122,0.8556962025316456,0.5506858030414726,0.1763316903364669,157,1,28,2
Random Forest,Class weight,0,0,0.0,2684470948.0,4029279179.0,2404884986.0,1831965477.0,2450371103.0,0.5,0.851063829787234,0.6519416478323403,0.5789473684210527,0.3548387096774194,0.44,0.8434353811382782,0.5693219244906225,0.3741255325892365,149,8,20,11
Random Forest,Class weight,1,0,1.0,2684470948.0,1907587041.0,319304850.0,2120761011.0,2778126724.0,0.5,0.8031914893617021,0.6621121840969797,0.4117647058823529,0.45161290322580644,0.4307692307692308,0.7480994452434765,0.41006283656248804,0.31259102662349186,137,20,17,14
Random Forest,Class weight,2,0,2.0,2684470948.0,550160846.0,162088679.0,3827313941.0,3968954892.0,0.5,0.8457446808510638,0.7056962025316456,0.5172413793103449,0.5,0.5084745762711864,0.8135021097046414,0.5778555261437656,0.41710738519173085,144,14,15,15
Random Forest,Class weight,3,0,3.0,2684470948.0,456733724.0,2555878538.0,4109446085.0,1897359641.0,0.5,0.8351063829787234,0.6723628691983122,0.48148148148148145,0.43333333333333335,0.45614035087719296,0.7670886075949367,0.4693775295552174,0.3599714531725651,144,14,17,13
Random Forest,Class weight,4,0,4.0,2684470948.0,3899025672.0,3374659372.0,3228469206.0,38485105.0,0.5,0.824468085106383,0.679535864978903,0.45161290322580644,0.4666666666666667,0.45901639344262296,0.7470464135021098,0.47392394366005286,0.35435593562407947,141,17,16,14
Random Forest,Class weight,5,1,0.0,4091952314.0,2709696717.0,404797425.0,482881158.0,2159381029.0,0.5,0.8085106382978723,0.6523525785905075,0.41935483870967744,0.41935483870967744,0.41935483870967744,0.7641257448119991,0.45317294917024037,0.304705157181015,139,18,18,13
Random Forest,Class weight,6,1,1.0,4091952314.0,241719485.0,2509909753.0,846830587.0,3534504437.0,0.5,0.8297872340425532,0.6521471132114238,0.48,0.3870967741935484,0.42857142857142855,0.7478939798643929,0.4574225960381177,0.33255277705859476,144,13,19,12
Random Forest,Class weight,7,1,2.0,4091952314.0,3113315634.0,541648390.0,457574433.0,3122018153.0,0.5,0.8404255319148937,0.7160337552742616,0.5,0.5333333333333333,0.5161290322580645,0.7582278481012659,0.416247580161694,0.4210207427978588,142,16,14,16
Random Forest,Class weight,8,1,3.0,4091952314.0,523556381.0,326709777.0,2064446629.0,2575519354.0,0.5,0.8936170212765957,0.7746835443037974,0.6923076923076923,0.6,0.6428571428571429,0.8432489451476793,0.7019036223579064,0.5827840105290657,150,8,12,18
Random Forest,Class weight,9,1,4.0,4091952314.0,3458391536.0,3776616463.0,3031619406.0,703221468.0,0.5,0.8351063829787234,0.6993670886075949,0.4838709677419355,0.5,0.4918032786885246,0.8232067510548523,0.48728594202449993,0.393497484329912,142,16,15,15
Random Forest,SMOTE-NC,0,0,0.0,2684470948.0,4029279179.0,3360645887.0,2696628212.0,1356252341.0,0.5,0.9042553191489362,0.7743990137661805,0.782608695652174,0.5806451612903226,0.6666666666666666,0.8945962605301007,0.7346867478430278,0.6214945502828968,152,5,13,18
Random Forest,SMOTE-NC,1,0,1.0,2684470948.0,1907587041.0,557730213.0,1695149914.0,1688860355.0,0.5,0.824468085106383,0.584240805424286,0.4375,0.22580645161290322,0.2978723404255319,0.6907746044791453,0.3252499487096857,0.22405723100890929,148,9,24,7
Random Forest,SMOTE-NC,2,0,2.0,2684470948.0,550160846.0,1457503807.0,562568889.0,3132366156.0,0.5,0.8617021276595744,0.6746835443037975,0.6,0.4,0.48,0.820886075949367,0.5793564677501966,0.4149554977337419,150,8,18,12
Random Forest,SMOTE-NC,3,0,3.0,2684470948.0,456733724.0,702423720.0,1981670290.0,782536883.0,0.5,0.8297872340425532,0.6421940928270042,0.4583333333333333,0.36666666666666664,0.4074074074074074,0.7392405063291139,0.46908922588321034,0.31208520205037277,145,13,19,11
Random Forest,SMOTE-NC,4,0,4.0,2684470948.0,3899025672.0,3045101291.0,1937716053.0,2081991084.0,0.5,0.8351063829787234,0.6318565400843882,0.47619047619047616,0.3333333333333333,0.39215686274509803,0.7236286919831223,0.38619278839994614,0.3065864517759957,147,11,20,10
Random Forest,SMOTE-NC,5,1,0.0,4091952314.0,2709696717.0,3594185213.0,1080336586.0,2881106430.0,0.5,0.8563829787234043,0.6939593178549415,0.5833333333333334,0.45161290322580644,0.509090909090909,0.7989521265666735,0.5463085609393897,0.43136387509721635,147,10,17,14
Random Forest,SMOTE-NC,6,1,1.0,4091952314.0,241719485.0,2164937330.0,4236408569.0,320351383.0,0.5,0.8351063829787234,0.616498869940415,0.5,0.2903225806451613,0.3673469387755102,0.7413190877337169,0.48642059415807704,0.2938472753829014,148,9,22,9
Random Forest,SMOTE-NC,7,1,2.0,4091952314.0,3113315634.0,2688827027.0,1223626424.0,30179836.0,0.5,0.8297872340425532,0.5881856540084388,0.4375,0.23333333333333334,0.30434782608695654,0.730379746835443,0.4236605602427122,0.23146903007321315,149,9,23,7
Random Forest,SMOTE-NC,8,1,3.0,4091952314.0,523556381.0,2819432917.0,1521767076.0,180800265.0,0.5,0.8776595744680851,0.7111814345991561,0.6666666666666666,0.4666666666666667,0.5490196078431373,0.8550632911392405,0.5935677606058278,0.4910288611644347,151,7,16,14
Random Forest,SMOTE-NC,9,1,4.0,4091952314.0,3458391536.0,734044306.0,470734787.0,2101257499.0,0.5,0.8723404255319149,0.640506329113924,0.75,0.3,0.42857142857142855,0.8136075949367089,0.5193567243231365,0.4209864299751776,155,3,21,9
Random Forest,Random undersampling,0,0,0.0,2684470948.0,4029279179.0,2072056482.0,3466172363.0,3082906056.0,0.5,0.8138297872340425,0.7979247996712554,0.46153846153846156,0.7741935483870968,0.5783132530120482,0.8820628724059996,0.7026347800827821,0.4943063604799435,129,28,7,24
Random Forest,Random undersampling,1,0,1.0,2684470948.0,1907587041.0,2092562032.0,253993737.0,2184154972.0,0.5,0.7393617021276596,0.6756728991164989,0.3333333333333333,0.5806451612903226,0.4235294117647059,0.7577563180604068,0.4743382335555293,0.2881483640104995,121,36,13,18
Random Forest,Random undersampling,2,0,2.0,2684470948.0,550160846.0,3646369931.0,1926256503.0,547295060.0,0.5,0.7074468085106383,0.7719409282700422,0.33766233766233766,0.8666666666666667,0.48598130841121495,0.8046413502109704,0.5651944424315789,0.40502971855140757,107,51,4,26
Random Forest,Random undersampling,3,0,3.0,2684470948.0,456733724.0,2420325884.0,4106928476.0,1416298043.0,0.5,0.7819148936170213,0.7082278481012658,0.3829787234042553,0.6,0.4675324675324675,0.7679324894514769,0.4456256899744496,0.3522082237986393,129,29,12,18
Random Forest,Random undersampling,4,0,4.0,2684470948.0,3899025672.0,1638048231.0,3558756530.0,1460575124.0,0.5,0.7021276595744681,0.660759493670886,0.2903225806451613,0.6,0.391304347826087,0.7367088607594937,0.4720559563476537,0.25044633396033295,114,44,12,18
Random Forest,Random undersampling,5,1,0.0,4091952314.0,2709696717.0,2357977600.0,2991505274.0,4124072149.0,0.5,0.723404255319149,0.7178960345181837,0.3384615384615385,0.7096774193548387,0.4583333333333333,0.7951510170536265,0.5557608929702313,0.3400171018812866,114,43,9,22
Random Forest,Random undersampling,6,1,1.0,4091952314.0,241719485.0,818848522.0,3807262161.0,3340079597.0,0.5,0.7712765957446809,0.6818368604890076,0.3695652173913043,0.5483870967741935,0.44155844155844154,0.7454283953153893,0.4561414288455189,0.31392037551481583,128,29,14,17
Random Forest,Random undersampling,7,1,2.0,4091952314.0,3113315634.0,2147775006.0,1769353229.0,72739271.0,0.5,0.8031914893617021,0.7208860759493672,0.4186046511627907,0.6,0.4931506849315068,0.7584388185654009,0.48282669855874755,0.38518492128945664,133,25,12,18
Random Forest,Random undersampling,8,1,3.0,4091952314.0,523556381.0,875925486.0,2343331574.0,1301833396.0,0.5,0.7287234042553191,0.730590717299578,0.3384615384615385,0.7333333333333333,0.4631578947368421,0.8251054852320674,0.649055306458498,0.3551008834156796,115,43,8,22
Random Forest,Random undersampling,9,1,4.0,4091952314.0,3458391536.0,2012060538.0,3712945233.0,3232879953.0,0.5,0.7712765957446809,0.7829113924050632,0.39344262295081966,0.8,0.5274725274725275,0.8765822784810128,0.6304086633258201,0.44259125101146496,121,37,6,24
Random Forest,Threshold tuning,0,0,0.0,2684470948.0,4029279179.0,3466432294.0,2452889694.0,1647545743.0,0.2588730158730158,0.9042553191489362,0.8520649270597904,0.6857142857142857,0.7741935483870968,0.7272727272727273,0.8602835422231354,0.703503376183997,0.6712799778056578,146,11,7,24
Random Forest,Threshold tuning,1,0,1.0,2684470948.0,1907587041.0,1004142889.0,1363402403.0,830823724.0,0.2538412851453387,0.7872340425531915,0.6913910006163961,0.3953488372093023,0.5483870967741935,0.4594594594594595,0.7557016642695706,0.38591451351123063,0.3381924849904865,131,26,14,17
Random Forest,Threshold tuning,2,0,2.0,2684470948.0,550160846.0,3396421023.0,799277347.0,2955785147.0,0.25869841269841276,0.851063829787234,0.7493670886075949,0.5294117647058824,0.6,0.5625,0.8251054852320675,0.5766109858042364,0.47452432757369195,142,16,12,18
Random Forest,Threshold tuning,3,0,3.0,2684470948.0,456733724.0,2869877517.0,3840830037.0,4039527060.0,0.2767671957671956,0.8085106382978723,0.6565400843881857,0.40625,0.43333333333333335,0.41935483870967744,0.7753164556962026,0.44827717510712567,0.3050755773007922,139,19,17,13
Random Forest,Threshold tuning,4,0,4.0,2684470948.0,3899025672.0,445556153.0,1192504824.0,3064166110.0,0.23422503422503424,0.8138297872340425,0.700210970464135,0.43243243243243246,0.5333333333333333,0.47761194029850745,0.7681434599156117,0.5414917426252049,0.3688227499066867,137,21,14,16
Random Forest,Threshold tuning,5,1,0.0,4091952314.0,2709696717.0,90607363.0,4031187339.0,4238339045.0,0.30666666666666664,0.851063829787234,0.7037189233614136,0.5555555555555556,0.4838709677419355,0.5172413793103449,0.8006985822888844,0.5734820601484212,0.4311190573423065,145,12,16,15
Random Forest,Threshold tuning,6,1,1.0,4091952314.0,241719485.0,3887808651.0,3152011230.0,739467275.0,0.2526098716098716,0.8085106382978723,0.6652968974727759,0.42424242424242425,0.45161290322580644,0.4375,0.7370043147729608,0.4209714271937245,0.3224798268463516,138,19,17,14
Random Forest,Threshold tuning,7,1,2.0,4091952314.0,3113315634.0,3144297731.0,3899636087.0,3466818704.0,0.3050484987156234,0.851063829787234,0.6683544303797468,0.5454545454545454,0.4,0.46153846153846156,0.75084388185654,0.4717852038184331,0.3835997643855172,148,10,18,12
Random Forest,Threshold tuning,8,1,3.0,4091952314.0,523556381.0,688753673.0,579922251.0,3495306369.0,0.2280863488363489,0.7925531914893617,0.7415611814345991,0.40816326530612246,0.6666666666666666,0.5063291139240507,0.8521097046413502,0.6860212393364044,0.40303324509044836,129,29,10,20
Random Forest,Threshold tuning,9,1,4.0,4091952314.0,3458391536.0,184540227.0,3767836097.0,3167927679.0,0.280670634920635,0.8563829787234043,0.7390295358649789,0.5483870967741935,0.5666666666666667,0.5573770491803278,0.8542194092827005,0.5968908674521494,0.471780581741577,144,14,13,17
Random Forest,Calibrated sigmoid + threshold,0,0,0.0,2684470948.0,4029279179.0,1304737177.0,2809625261.0,585205341.0,0.33350181860284334,0.8670212765957447,0.6614957879597287,0.6875,0.3548387096774194,0.46808510638297873,0.8639819190466406,0.6720719449330459,0.42953410627561633,152,5,20,11
Random Forest,Calibrated sigmoid + threshold,1,0,1.0,2684470948.0,1907587041.0,2522185963.0,3213409581.0,2358201250.0,0.26321167763038894,0.8191489361702128,0.6198890486952948,0.43478260869565216,0.3225806451612903,0.37037037037037035,0.7733716868707623,0.4315423031405291,0.271540299580734,144,13,21,10
Random Forest,Calibrated sigmoid + threshold,2,0,2.0,2684470948.0,550160846.0,3856770.0,1307707051.0,2010888178.0,0.19217289206027197,0.8085106382978723,0.7645569620253164,0.4375,0.7,0.5384615384615384,0.8196202531645569,0.5640228219060477,0.44437920206287757,131,27,9,21
Random Forest,Calibrated sigmoid + threshold,3,0,3.0,2684470948.0,456733724.0,1776090274.0,2878571245.0,2606100938.0,0.2649786367947356,0.8191489361702128,0.649367088607595,0.42857142857142855,0.4,0.41379310344827586,0.7556962025316456,0.4625166038242497,0.30728055284302547,142,16,18,12
Random Forest,Calibrated sigmoid + threshold,4,0,4.0,2684470948.0,3899025672.0,3254849491.0,3477796777.0,3375409386.0,0.2633873091400543,0.851063829787234,0.7088607594936709,0.5357142857142857,0.5,0.5172413793103449,0.7871308016877637,0.5502257087659357,0.42967195948389153,145,13,15,15
Random Forest,Calibrated sigmoid + threshold,5,1,0.0,4091952314.0,2709696717.0,4193734683.0,3533543338.0,2646541348.0,0.25813571855935435,0.8297872340425532,0.7039243887404972,0.48484848484848486,0.5161290322580645,0.5,0.8165194164783234,0.5852918079769062,0.39783869253574144,140,17,15,16
Random Forest,Calibrated sigmoid + threshold,6,1,1.0,4091952314.0,241719485.0,3634344093.0,3280770415.0,4239589849.0,0.2225135048852086,0.8404255319148937,0.7102938154920896,0.5161290322580645,0.5161290322580645,0.5161290322580645,0.7509759605506472,0.45218504825950073,0.4205876309841792,142,15,15,16
Random Forest,Calibrated sigmoid + threshold,7,1,2.0,4091952314.0,3113315634.0,3483347839.0,1023131004.0,1644647043.0,0.29618670350238385,0.8191489361702128,0.6223628691983122,0.4166666666666667,0.3333333333333333,0.37037037037037035,0.7632911392405064,0.45014802924520053,0.26855996615610717,144,14,20,10
Random Forest,Calibrated sigmoid + threshold,8,1,3.0,4091952314.0,523556381.0,830364993.0,3139727040.0,656468869.0,0.23777298066855743,0.8723404255319149,0.8025316455696203,0.5833333333333334,0.7,0.6363636363636364,0.860126582278481,0.7363042967104404,0.5631407200471051,143,15,9,21
Random Forest,Calibrated sigmoid + threshold,9,1,4.0,4091952314.0,3458391536.0,3514567460.0,2666237586.0,1112895845.0,0.1641546990599331,0.7712765957446809,0.7559071729957806,0.38596491228070173,0.7333333333333333,0.5057471264367817,0.8489451476793249,0.5682580688567581,0.4077824680285911,123,35,8,22
Random Forest,Calibrated isotonic + threshold,0,0,0.0,2684470948.0,4029279179.0,4227636575.0,791413863.0,1803356895.0,0.2171796015462385,0.8882978723404256,0.8166221491678652,0.6470588235294118,0.7096774193548387,0.676923076923077,0.8521676597493324,0.702005482460373,0.6105231584623587,145,12,9,22
Random Forest,Calibrated isotonic + threshold,1,0,1.0,2684470948.0,1907587041.0,1838378493.0,3024820766.0,1639534847.0,0.2123015873015873,0.7606382978723404,0.6366344770906103,0.3333333333333333,0.45161290322580644,0.3835616438356164,0.7557016642695706,0.4167086594189184,0.2434556706633029,129,28,17,14
Random Forest,Calibrated isotonic + threshold,2,0,2.0,2684470948.0,550160846.0,1599197100.0,2067365039.0,3432982040.0,0.26349206349206344,0.8670212765957447,0.7453586497890295,0.5862068965517241,0.5666666666666667,0.576271186440678,0.8081223628691981,0.5705152725969547,0.49753424510562355,146,12,13,17
Random Forest,Calibrated isotonic + threshold,3,0,3.0,2684470948.0,456733724.0,256751638.0,2087507664.0,2924102576.0,0.2671890510465265,0.7978723404255319,0.650210970464135,0.38235294117647056,0.43333333333333335,0.40625,0.7544303797468355,0.45395415397721695,0.2858386812457434,137,21,17,13
Random Forest,Calibrated isotonic + threshold,4,0,4.0,2684470948.0,3899025672.0,2309894530.0,80293388.0,3797281953.0,0.22855750487329432,0.7978723404255319,0.690717299578059,0.4,0.5333333333333333,0.45714285714285713,0.7767932489451476,0.467110876339589,0.34130951992425085,134,24,14,16
Random Forest,Calibrated isotonic + threshold,5,1,0.0,4091952314.0,2709696717.0,444888130.0,2785686939.0,1417659177.0,0.26728778467908904,0.8138297872340425,0.707314567495377,0.4473684210526316,0.5483870967741935,0.4927536231884058,0.7977193342921718,0.5594501518845167,0.3831360883255822,136,21,14,17
Random Forest,Calibrated isotonic + threshold,6,1,1.0,4091952314.0,241719485.0,2107448419.0,1338570847.0,867287230.0,0.2126022126022126,0.7872340425531915,0.6525580439695912,0.3783783783783784,0.45161290322580644,0.4117647058823529,0.7393671666324225,0.42988364097042053,0.2847780060400116,134,23,17,14
Random Forest,Calibrated isotonic + threshold,7,1,2.0,4091952314.0,3113315634.0,2202393047.0,3135673239.0,443278833.0,0.35002768671041934,0.824468085106383,0.6255274261603375,0.43478260869565216,0.3333333333333333,0.37735849056603776,0.7491561181434598,0.4307348157983977,0.28057689218340837,145,13,20,10
Random Forest,Calibrated isotonic + threshold,8,1,3.0,4091952314.0,523556381.0,1043000565.0,253146240.0,2122244955.0,0.23316912972085388,0.8191489361702128,0.7708860759493671,0.45652173913043476,0.7,0.5526315789473685,0.8393459915611814,0.696482522747463,0.46151174784400956,133,25,9,21
Random Forest,Calibrated isotonic + threshold,9,1,4.0,4091952314.0,3458391536.0,4286175992.0,1500853196.0,2205883819.0,0.3664717348927875,0.8776595744680851,0.6976793248945148,0.6842105263157895,0.43333333333333335,0.5306122448979592,0.8721518987341772,0.6050543246703914,0.48035272961365366,152,6,17,13
XGBoost,No handling,0,0,0.0,2684470948.0,4029279179.0,3296422042.0,3713040046.0,2296939112.0,0.5,0.8882978723404256,0.7001232792274502,0.8125,0.41935483870967744,0.5531914893617021,0.8800082186151632,0.7163254532287675,0.5322725439089698,154,3,18,13
XGBoost,No handling,1,0,1.0,2684470948.0,1907587041.0,4045240578.0,1674455210.0,1096336166.0,0.5,0.8776595744680851,0.6549208958290528,0.8333333333333334,0.3225806451612903,0.46511627906976744,0.761454694883912,0.5175939490098954,0.47035277592089136,155,2,21,10
XGBoost,No handling,2,0,2.0,2684470948.0,550160846.0,4019833063.0,3776137386.0,860410409.0,0.5,0.8936170212765957,0.680168776371308,0.9166666666666666,0.36666666666666664,0.5238095238095238,0.8189873417721519,0.6438696832898465,0.539823440238441,157,1,19,11
XGBoost,No handling,3,0,3.0,2684470948.0,456733724.0,864863036.0,3405550927.0,1802336154.0,0.5,0.8776595744680851,0.630168776371308,0.8888888888888888,0.26666666666666666,0.41025641025641024,0.7736286919831223,0.5524548626713907,0.446558354307258,157,1,22,8
XGBoost,No handling,4,0,4.0,2684470948.0,3899025672.0,3180795177.0,2650338685.0,2213998955.0,0.5,0.8829787234042553,0.7008438818565401,0.7222222222222222,0.43333333333333335,0.5416666666666666,0.7734177215189874,0.5921446499181281,0.4999390492620352,153,5,17,13
XGBoost,No handling,5,1,0.0,4091952314.0,2709696717.0,2860653338.0,2761897158.0,1809234534.0,0.5,0.8563829787234043,0.6939593178549415,0.5833333333333334,0.45161290322580644,0.509090909090909,0.7789192521060201,0.5657172101709731,0.43136387509721635,147,10,17,14
XGBoost,No handling,6,1,1.0,4091952314.0,241719485.0,4051816291.0,1614273930.0,1128905052.0,0.5,0.8457446808510638,0.6228682966920074,0.5625,0.2903225806451613,0.3829787234042553,0.8043969591123896,0.533723006899492,0.32679566864226284,150,7,22,9
XGBoost,No handling,7,1,2.0,4091952314.0,3113315634.0,2331977665.0,1685658716.0,3293285885.0,0.5,0.8563829787234043,0.6175105485232067,0.6153846153846154,0.26666666666666666,0.37209302325581395,0.7580168776371308,0.5065648458108069,0.33923864471813914,153,5,22,8
XGBoost,No handling,8,1,3.0,4091952314.0,523556381.0,3367880898.0,1669864680.0,690509750.0,0.5,0.9095744680851063,0.7166666666666667,1.0,0.43333333333333335,0.6046511627906976,0.8628691983122363,0.6995547289152632,0.6254902838878437,158,0,17,13
XGBoost,No handling,9,1,4.0,4091952314.0,3458391536.0,2913169776.0,3919581474.0,3416019064.0,0.5,0.8882978723404256,0.6905063291139241,0.8,0.4,0.5333333333333333,0.8662447257383967,0.6475839996122754,0.5149438717414947,155,3,18,12
XGBoost,Class weight,0,0,0.0,2684470948.0,4029279179.0,898357669.0,749193750.0,2664262004.0,0.5,0.9095744680851063,0.790528046024245,0.7916666666666666,0.6129032258064516,0.6909090909090909,0.8818574070269158,0.7750493994718874,0.6461319061307881,152,5,12,19
XGBoost,Class weight,1,0,1.0,2684470948.0,1907587041.0,3503269503.0,2336077454.0,1328947713.0,0.5,0.8670212765957447,0.7003287446065338,0.6363636363636364,0.45161290322580644,0.5283018867924528,0.7838504212040271,0.5363635817958672,0.4625285592453744,149,8,17,14
XGBoost,Class weight,2,0,2.0,2684470948.0,550160846.0,226206879.0,2601717502.0,3481926453.0,0.5,0.8723404255319149,0.7080168776371307,0.6363636363636364,0.4666666666666667,0.5384615384615384,0.8369198312236287,0.640460162430786,0.4739716387019047,150,8,16,14
XGBoost,Class weight,3,0,3.0,2684470948.0,456733724.0,362981302.0,2442234172.0,2853749197.0,0.5,0.7659574468085106,0.6717299578059072,0.34782608695652173,0.5333333333333333,0.42105263157894735,0.7632911392405064,0.4944419703150188,0.29257831989487837,128,30,14,16
XGBoost,Class weight,4,0,4.0,2684470948.0,3899025672.0,3677506797.0,3724145743.0,928280540.0,0.5,0.8085106382978723,0.670042194092827,0.4117647058823529,0.4666666666666667,0.4375,0.7375527426160338,0.5191305284879959,0.3235758105113331,138,20,16,14
XGBoost,Class weight,5,1,0.0,4091952314.0,2709696717.0,1824248926.0,2076096347.0,3595735988.0,0.5,0.7925531914893617,0.7075200328744606,0.4090909090909091,0.5806451612903226,0.48,0.7848777480994452,0.584002552377715,0.363758467917685,131,26,13,18
XGBoost,Class weight,6,1,1.0,4091952314.0,241719485.0,1470249078.0,614118094.0,2736381532.0,0.5,0.8404255319148937,0.7361824532566263,0.5142857142857142,0.5806451612903226,0.5454545454545454,0.7930963632627902,0.5772533714411285,0.45032759526559885,140,17,13,18
XGBoost,Class weight,7,1,2.0,4091952314.0,3113315634.0,242368361.0,56312063.0,3939539701.0,0.5,0.8191489361702128,0.7168776371308017,0.4473684210526316,0.5666666666666667,0.5,0.7358649789029537,0.4749193891747195,0.395545557932744,137,21,13,17
XGBoost,Class weight,8,1,3.0,4091952314.0,523556381.0,3406749017.0,548430990.0,190841064.0,0.5,0.8829787234042553,0.7548523206751054,0.6538461538461539,0.5666666666666667,0.6071428571428571,0.8419831223628692,0.6795224906837664,0.5407089744386416,149,9,13,17
XGBoost,Class weight,9,1,4.0,4091952314.0,3458391536.0,3279885177.0,304303932.0,1505420180.0,0.5,0.8776595744680851,0.7786919831223629,0.6129032258064516,0.6333333333333333,0.6229508196721312,0.8599156118143461,0.5918464040017795,0.5500636791532421,146,12,11,19
XGBoost,SMOTE-NC,0,0,0.0,2684470948.0,4029279179.0,2845298909.0,1880371967.0,2371745254.0,0.5,0.898936170212766,0.7453256626258475,0.8,0.5161290322580645,0.6274509803921569,0.8689130881446476,0.7256903082361337,0.5905191835673301,153,4,15,16
XGBoost,SMOTE-NC,1,0,1.0,2684470948.0,1907587041.0,2154049791.0,354957202.0,4225202559.0,0.5,0.8457446808510638,0.6228682966920074,0.5625,0.2903225806451613,0.3829787234042553,0.7721388945962604,0.48769493615984943,0.32679566864226284,150,7,22,9
XGBoost,SMOTE-NC,2,0,2.0,2684470948.0,550160846.0,3023038238.0,564541248.0,2146184012.0,0.5,0.8563829787234043,0.6850210970464135,0.5652173913043478,0.43333333333333335,0.49056603773584906,0.8348101265822785,0.6190388047680011,0.41355619234428426,148,10,17,13
XGBoost,SMOTE-NC,3,0,3.0,2684470948.0,456733724.0,158937204.0,1556314503.0,3280592775.0,0.5,0.8617021276595744,0.6611814345991561,0.6111111111111112,0.36666666666666664,0.4583333333333333,0.7759493670886076,0.5493367444730843,0.40121158995398626,151,7,19,11
XGBoost,SMOTE-NC,4,0,4.0,2684470948.0,3899025672.0,774672353.0,2238979385.0,3851380243.0,0.5,0.8404255319148937,0.6620253164556962,0.5,0.4,0.4444444444444444,0.7487341772151899,0.4310579481808294,0.3556104379446384,146,12,18,12
XGBoost,SMOTE-NC,5,1,0.0,4091952314.0,2709696717.0,1134436540.0,474411573.0,871245284.0,0.5,0.8351063829787234,0.6812204643517568,0.5,0.45161290322580644,0.4745762711864407,0.7787137867269365,0.5480499449142467,0.3777712478167289,143,14,17,14
XGBoost,SMOTE-NC,6,1,1.0,4091952314.0,241719485.0,1567845661.0,1229595684.0,1751098674.0,0.5,0.8723404255319149,0.7164577768645983,0.6521739130434783,0.4838709677419355,0.5555555555555556,0.809122662831313,0.5917441738635378,0.49026170626958576,149,8,16,15
XGBoost,SMOTE-NC,7,1,2.0,4091952314.0,3113315634.0,1982341698.0,3130040189.0,2633849903.0,0.5,0.8723404255319149,0.6945147679324895,0.65,0.43333333333333335,0.52,0.7736286919831225,0.5664430184092282,0.4620639721141426,151,7,17,13
XGBoost,SMOTE-NC,8,1,3.0,4091952314.0,523556381.0,449175165.0,3201474779.0,3893740757.0,0.5,0.8670212765957447,0.7183544303797469,0.6,0.5,0.5454545454545454,0.8464135021097048,0.6243789459927069,0.47099616185693455,148,10,15,15
XGBoost,SMOTE-NC,9,1,4.0,4091952314.0,3458391536.0,2774070229.0,159275658.0,3224274080.0,0.5,0.8882978723404256,0.7310126582278481,0.7142857142857143,0.5,0.5882352941176471,0.8246835443037975,0.5897122250333612,0.5371394635115445,152,6,15,15
XGBoost,Random undersampling,0,0,0.0,2684470948.0,4029279179.0,2730737185.0,2665115323.0,2387168520.0,0.5,0.8031914893617021,0.7656667351551264,0.44,0.7096774193548387,0.5432098765432098,0.8411752619683583,0.5915423449245422,0.4462449373272378,129,28,9,22
XGBoost,Random undersampling,1,0,1.0,2684470948.0,1907587041.0,3785201554.0,3434012712.0,703826879.0,0.5,0.75,0.6820423258680912,0.34615384615384615,0.5806451612903226,0.43373493975903615,0.7789192521060202,0.5319814673801934,0.30203823130015856,123,34,13,18
XGBoost,Random undersampling,2,0,2.0,2684470948.0,550160846.0,2703183738.0,811321406.0,1600992937.0,0.5,0.6702127659574468,0.6957805907172996,0.2894736842105263,0.7333333333333333,0.41509433962264153,0.7535864978902953,0.4521041057819216,0.29219514364024374,104,54,8,22
XGBoost,Random undersampling,3,0,3.0,2684470948.0,456733724.0,3754189797.0,1827129198.0,3835762465.0,0.5,0.7127659574468085,0.7075949367088608,0.3181818181818182,0.7,0.4375,0.7782700421940928,0.5512719226495054,0.3185547169027061,113,45,9,21
XGBoost,Random undersampling,4,0,4.0,2684470948.0,3899025672.0,3502192660.0,841757856.0,922897567.0,0.5,0.7340425531914894,0.7067510548523206,0.3333333333333333,0.6666666666666666,0.4444444444444444,0.7419831223628692,0.4460528519571111,0.32485255770508975,118,40,10,20
XGBoost,Random undersampling,5,1,0.0,4091952314.0,2709696717.0,2051447897.0,2289836330.0,3073068202.0,0.5,0.648936170212766,0.6862543661393055,0.2839506172839506,0.7419354838709677,0.4107142857142857,0.7748099445243477,0.5565901191749126,0.2791468507861231,99,58,8,23
XGBoost,Random undersampling,6,1,1.0,4091952314.0,241719485.0,364524706.0,858045005.0,2266605657.0,0.5,0.7393617021276596,0.7015615368810355,0.3448275862068966,0.6451612903225806,0.449438202247191,0.7752208752825148,0.4824290788031915,0.3238789010355043,119,38,11,20
XGBoost,Random undersampling,7,1,2.0,4091952314.0,3113315634.0,2790726906.0,1945569114.0,481859786.0,0.5,0.776595744680851,0.7455696202531645,0.3888888888888889,0.7,0.5,0.7660337552742617,0.4824279701880074,0.39750676675452323,125,33,9,21
XGBoost,Random undersampling,8,1,3.0,4091952314.0,523556381.0,36417814.0,3650130100.0,4164730235.0,0.5,0.6914893617021277,0.7084388185654008,0.3055555555555556,0.7333333333333333,0.43137254901960786,0.8135021097046413,0.6485659588919518,0.31405269643978484,108,50,8,22
XGBoost,Random undersampling,9,1,4.0,4091952314.0,3458391536.0,2834243205.0,499624270.0,2202702648.0,0.5,0.7925531914893617,0.8090717299578059,0.423728813559322,0.8333333333333334,0.5617977528089888,0.8732067510548523,0.6729497429413589,0.4878177385515599,124,34,5,25
XGBoost,Threshold tuning,0,0,0.0,2684470948.0,4029279179.0,2126892503.0,3597785986.0,3556522399.0,0.1789856255054474,0.8670212765957447,0.8297719334292172,0.5714285714285714,0.7741935483870968,0.6575342465753424,0.8643928498048079,0.7268222161902453,0.5875884983678212,139,18,7,24
XGBoost,Threshold tuning,1,0,1.0,2684470948.0,1907587041.0,2592186496.0,2298509622.0,4129465138.0,0.24879702925682068,0.8191489361702128,0.6846106431066366,0.45454545454545453,0.4838709677419355,0.46875,0.777891925210602,0.5041600573385484,0.3601592596910465,139,18,16,15
XGBoost,Threshold tuning,2,0,2.0,2684470948.0,550160846.0,3094670186.0,217942883.0,1707707552.0,0.3097398579120636,0.8882978723404256,0.7715189873417722,0.6666666666666666,0.6,0.631578947368421,0.8417721518987341,0.667412667074464,0.5670541740919111,149,9,12,18
XGBoost,Threshold tuning,3,0,3.0,2684470948.0,456733724.0,3724456331.0,694000769.0,1500960508.0,0.3268299996852875,0.8723404255319149,0.6945147679324895,0.65,0.43333333333333335,0.52,0.7852320675105485,0.5464754028693655,0.4620639721141426,151,7,17,13
XGBoost,Threshold tuning,4,0,4.0,2684470948.0,3899025672.0,88303236.0,4115716140.0,2427197178.0,0.31505733728408813,0.8670212765957447,0.6643459915611815,0.6470588235294118,0.36666666666666664,0.46808510638297873,0.7689873417721519,0.5272729786072089,0.4197162332393936,152,6,19,11
XGBoost,Threshold tuning,5,1,0.0,4091952314.0,2709696717.0,347872232.0,3372829540.0,2354096005.0,0.2874569296836853,0.8351063829787234,0.6812204643517568,0.5,0.45161290322580644,0.4745762711864407,0.765358537086501,0.548673524134287,0.3777712478167289,143,14,17,14
XGBoost,Threshold tuning,6,1,1.0,4091952314.0,241719485.0,600477598.0,606121972.0,3489632052.0,0.30350157618522644,0.8191489361702128,0.6716663242243682,0.45161290322580644,0.45161290322580644,0.45161290322580644,0.7856996096157797,0.5160000661715458,0.3433326484487364,140,17,17,14
XGBoost,Threshold tuning,7,1,2.0,4091952314.0,3113315634.0,1869807757.0,1984684622.0,764344787.0,0.3171917200088501,0.8670212765957447,0.6913502109704641,0.6190476190476191,0.43333333333333335,0.5098039215686274,0.7672995780590718,0.4882093744604538,0.444918258817325,150,8,17,13
XGBoost,Threshold tuning,8,1,3.0,4091952314.0,523556381.0,2118572893.0,3149213657.0,1610300374.0,0.2758212685585022,0.8936170212765957,0.7746835443037974,0.6923076923076923,0.6,0.6428571428571429,0.8569620253164557,0.7226355791158391,0.5827840105290657,150,8,12,18
XGBoost,Threshold tuning,9,1,4.0,4091952314.0,3458391536.0,2814280988.0,95198089.0,2527849110.0,0.27666401863098145,0.8776595744680851,0.7381856540084388,0.64,0.5333333333333333,0.5818181818181818,0.8588607594936708,0.5844533650278573,0.5137726248661634,149,9,14,16
XGBoost,Calibrated sigmoid + threshold,0,0,0.0,2684470948.0,4029279179.0,3291226460.0,3842965854.0,524427075.0,0.19481958475384994,0.8670212765957447,0.8297719334292172,0.5714285714285714,0.7741935483870968,0.6575342465753424,0.8658311074583932,0.6893880406041759,0.5875884983678212,139,18,7,24
XGBoost,Calibrated sigmoid + threshold,1,0,1.0,2684470948.0,1907587041.0,3800583808.0,1475427240.0,3276770847.0,0.3155453467660946,0.851063829787234,0.6648859667146085,0.5714285714285714,0.3870967741935484,0.46153846153846156,0.7996712553934662,0.5243952671769194,0.3884869911988517,148,9,19,12
XGBoost,Calibrated sigmoid + threshold,2,0,2.0,2684470948.0,550160846.0,3448397464.0,1538898156.0,2284385410.0,0.20324267978464694,0.8670212765957447,0.7723628691983122,0.5757575757575758,0.6333333333333333,0.6031746031746031,0.829746835443038,0.647930853817402,0.5243777407211793,144,14,11,19
XGBoost,Calibrated sigmoid + threshold,3,0,3.0,2684470948.0,456733724.0,868376952.0,2543047350.0,212380565.0,0.2328992464003823,0.8404255319148937,0.6755274261603376,0.5,0.43333333333333335,0.4642857142857143,0.7715189873417722,0.552014670703399,0.37240883007694525,145,13,17,13
XGBoost,Calibrated sigmoid + threshold,4,0,4.0,2684470948.0,3899025672.0,1936576935.0,3374254502.0,3301412558.0,0.30808109439400955,0.8563829787234043,0.6850210970464135,0.5652173913043478,0.43333333333333335,0.49056603773584906,0.7818565400843882,0.5313549613293858,0.41355619234428426,148,10,17,13
XGBoost,Calibrated sigmoid + threshold,5,1,0.0,4091952314.0,2709696717.0,3106195864.0,963302975.0,3876976104.0,0.23364859041649363,0.8191489361702128,0.7104992808711732,0.4594594594594595,0.5483870967741935,0.5,0.7797411136223547,0.5988681039994684,0.39293611742490486,137,20,14,17
XGBoost,Calibrated sigmoid + threshold,6,1,1.0,4091952314.0,241719485.0,1707906726.0,2062245982.0,2304100743.0,0.17660423322944485,0.8085106382978723,0.6782412163550442,0.42857142857142855,0.4838709677419355,0.45454545454545453,0.7807684405177728,0.5282700688510915,0.3398514039955694,137,20,16,15
XGBoost,Calibrated sigmoid + threshold,7,1,2.0,4091952314.0,3113315634.0,469756732.0,2337209244.0,3570404992.0,0.2501920602738929,0.8617021276595744,0.7421940928270042,0.5666666666666667,0.5666666666666667,0.5666666666666667,0.7679324894514767,0.5122167274680498,0.48438818565400843,145,13,13,17
XGBoost,Calibrated sigmoid + threshold,8,1,3.0,4091952314.0,523556381.0,803992970.0,441777930.0,4275329380.0,0.27497299200070635,0.8829787234042553,0.7548523206751054,0.6538461538461539,0.5666666666666667,0.6071428571428571,0.8582278481012657,0.7209590793200736,0.5407089744386416,149,9,13,17
XGBoost,Calibrated sigmoid + threshold,9,1,4.0,4091952314.0,3458391536.0,3995598515.0,2827066222.0,3519004364.0,0.37327747297364633,0.8936170212765957,0.7476793248945148,0.7272727272727273,0.5333333333333333,0.6153846153846154,0.8662447257383966,0.6755476268975243,0.5643435130182922,152,6,14,16
XGBoost,Calibrated isotonic + threshold,0,0,0.0,2684470948.0,4029279179.0,1430809792.0,3891292201.0,352879201.0,0.35663627584775287,0.9042553191489362,0.761454694883912,0.8095238095238095,0.5483870967741935,0.6538461538461539,0.8577152249845901,0.6893101500878521,0.6160120826174939,153,4,14,17
XGBoost,Calibrated isotonic + threshold,1,0,1.0,2684470948.0,1907587041.0,1529672530.0,3837420740.0,102527123.0,0.40740741044282913,0.851063829787234,0.6389973289500719,0.5882352941176471,0.3225806451612903,0.4166666666666667,0.7998767207725499,0.49943173896769233,0.35970345358806827,150,7,21,10
XGBoost,Calibrated isotonic + threshold,2,0,2.0,2684470948.0,550160846.0,52614025.0,3698680223.0,3302424042.0,0.23151244223117828,0.8297872340425532,0.7367088607594936,0.47368421052631576,0.6,0.5294117647058824,0.8424050632911394,0.6568670339205984,0.43171412062309217,138,20,12,18
XGBoost,Calibrated isotonic + threshold,3,0,3.0,2684470948.0,456733724.0,633636878.0,2410976041.0,2265702462.0,0.24017094572385153,0.8404255319148937,0.689029535864979,0.5,0.4666666666666667,0.4827586206896552,0.7834388185654009,0.5893409174855886,0.3888748239369362,144,14,16,14
XGBoost,Calibrated isotonic + threshold,4,0,4.0,2684470948.0,3899025672.0,2222478430.0,206514393.0,3062301584.0,0.2834008236726125,0.8723404255319149,0.7215189873417722,0.625,0.5,0.5555555555555556,0.7781645569620252,0.5847354499268463,0.48618614562743534,149,9,15,15
XGBoost,Calibrated isotonic + threshold,5,1,0.0,4091952314.0,2709696717.0,641356111.0,3421840903.0,1379536014.0,0.3285193940003713,0.8351063829787234,0.6941647832340251,0.5,0.4838709677419355,0.4918032786885246,0.7622765564002466,0.5439368464694494,0.393497484329912,142,15,16,15
XGBoost,Calibrated isotonic + threshold,6,1,1.0,4091952314.0,241719485.0,1262146437.0,873617972.0,164622710.0,0.2810966670513153,0.8191489361702128,0.6716663242243682,0.45161290322580644,0.45161290322580644,0.45161290322580644,0.7939182247791248,0.57179953013757,0.3433326484487364,140,17,17,14
XGBoost,Calibrated isotonic + threshold,7,1,2.0,4091952314.0,3113315634.0,933100063.0,2553614084.0,3125300505.0,0.25184210141499835,0.8457446808510638,0.6921940928270043,0.5185185185185185,0.4666666666666667,0.49122807017543857,0.7743670886075948,0.5058831760186764,0.4013879973564343,145,13,16,14
XGBoost,Calibrated isotonic + threshold,8,1,3.0,4091952314.0,523556381.0,4276676519.0,3362776967.0,2673672723.0,0.218845933675766,0.8138297872340425,0.7407172995780591,0.4418604651162791,0.6333333333333333,0.5205479452054794,0.8489451476793249,0.6766138439131425,0.4197669486067527,134,24,11,19
XGBoost,Calibrated isotonic + threshold,9,1,4.0,4091952314.0,3458391536.0,1213090143.0,3755912350.0,1891028337.0,0.24802371859550476,0.8723404255319149,0.8025316455696203,0.5833333333333334,0.7,0.6363636363636364,0.8475738396624473,0.574331796114269,0.5631407200471051,143,15,9,21
LightGBM,No handling,0,0,0.0,2684470948.0,4029279179.0,119800572.0,2952812875.0,499038946.0,0.5,0.8829787234042553,0.7098828847339224,0.7368421052631579,0.45161290322580644,0.56,0.857201561536881,0.70521270887354,0.5167940926841177,152,5,17,14
LightGBM,No handling,1,0,1.0,2684470948.0,1907587041.0,3318064873.0,3375650033.0,1157661924.0,0.5,0.8617021276595744,0.6453667557016642,0.6666666666666666,0.3225806451612903,0.43478260869565216,0.743990137661804,0.4879049807514013,0.39815950301399394,152,5,21,10
LightGBM,No handling,2,0,2.0,2684470948.0,550160846.0,2542608045.0,3610752735.0,3826264547.0,0.5,0.8936170212765957,0.680168776371308,0.9166666666666666,0.36666666666666664,0.5238095238095238,0.8183544303797468,0.6182611017346367,0.539823440238441,157,1,19,11
LightGBM,No handling,3,0,3.0,2684470948.0,456733724.0,1829462414.0,534566873.0,595140429.0,0.5,0.8776595744680851,0.670675105485232,0.7333333333333333,0.36666666666666664,0.4888888888888889,0.7670886075949367,0.5385341348049727,0.4613395262888917,154,4,19,11
LightGBM,No handling,4,0,4.0,2684470948.0,3899025672.0,3326229707.0,2959431695.0,26285346.0,0.5,0.8670212765957447,0.6373417721518987,0.6923076923076923,0.3,0.4186046511627907,0.7647679324894515,0.535441803168168,0.39648897255208004,154,4,21,9
LightGBM,No handling,5,1,0.0,4091952314.0,2709696717.0,3181771095.0,3087242080.0,1108498872.0,0.5,0.851063829787234,0.6260530100678036,0.6,0.2903225806451613,0.391304347826087,0.7743990137661804,0.5403990232230028,0.34525915915065053,151,6,22,9
LightGBM,No handling,6,1,1.0,4091952314.0,241719485.0,1980263799.0,3825011243.0,1789666045.0,0.5,0.8351063829787234,0.5906102321758784,0.5,0.22580645161290322,0.3111111111111111,0.7670022601191698,0.4786087579729325,0.25615289586181667,150,7,24,7
LightGBM,No handling,7,1,2.0,4091952314.0,3113315634.0,4221962620.0,662118748.0,2815669041.0,0.5,0.851063829787234,0.6278481012658228,0.5625,0.3,0.391304347826087,0.7637130801687764,0.4764316438963985,0.3355747182401128,151,7,21,9
LightGBM,No handling,8,1,3.0,4091952314.0,523556381.0,2658056436.0,3760948866.0,469143439.0,0.5,0.9148936170212766,0.760337552742616,0.8888888888888888,0.5333333333333333,0.6666666666666666,0.8584388185654009,0.7448345029865755,0.6480302382241087,156,2,14,16
LightGBM,No handling,9,1,4.0,4091952314.0,3458391536.0,4066325836.0,1070680285.0,353554208.0,0.5,0.8776595744680851,0.670675105485232,0.7333333333333333,0.36666666666666664,0.4888888888888889,0.8670886075949367,0.6377595629211096,0.4613395262888917,154,4,19,11
LightGBM,Class weight,0,0,0.0,2684470948.0,4029279179.0,2075963327.0,3739984119.0,1448296526.0,0.5,0.898936170212766,0.7582699815081159,0.7727272727272727,0.5483870967741935,0.6415094339622641,0.852270392438874,0.6885308066186034,0.5963060502271134,152,5,14,17
LightGBM,Class weight,1,0,1.0,2684470948.0,1907587041.0,3921840534.0,323080938.0,841664634.0,0.5,0.8563829787234043,0.6292377234435997,0.6428571428571429,0.2903225806451613,0.4,0.7267310458187797,0.48739673799867844,0.3653518628051761,152,5,22,9
LightGBM,Class weight,2,0,2.0,2684470948.0,550160846.0,342439124.0,1323030461.0,3174168669.0,0.5,0.8351063829787234,0.7263713080168777,0.4857142857142857,0.5666666666666667,0.5230769230769231,0.8082278481012658,0.6033793797042074,0.42595214462039194,140,18,13,17
LightGBM,Class weight,3,0,3.0,2684470948.0,456733724.0,994386762.0,1771223652.0,2455029249.0,0.5,0.8563829787234043,0.6445147679324894,0.5882352941176471,0.3333333333333333,0.425531914893617,0.7719409282700421,0.4855481026119036,0.36907011523618055,151,7,20,10
LightGBM,Class weight,4,0,4.0,2684470948.0,3899025672.0,1418775475.0,1988902284.0,1968547767.0,0.5,0.8617021276595744,0.6746835443037975,0.6,0.4,0.48,0.7658227848101266,0.5529166303663473,0.4149554977337419,150,8,18,12
LightGBM,Class weight,5,1,0.0,4091952314.0,2709696717.0,2645257399.0,3129290174.0,1940855104.0,0.5,0.8297872340425532,0.6909800698582289,0.4838709677419355,0.4838709677419355,0.4838709677419355,0.7723443599753441,0.5528272068262006,0.38196013971645776,141,16,16,15
LightGBM,Class weight,6,1,1.0,4091952314.0,241719485.0,1506587258.0,3965765055.0,1052721128.0,0.5,0.8404255319148937,0.6067392644339429,0.5333333333333333,0.25806451612903225,0.34782608695652173,0.7817957674131909,0.49328390847377795,0.29235881528730717,150,7,23,8
LightGBM,Class weight,7,1,2.0,4091952314.0,3113315634.0,3681624797.0,4286267998.0,2843944638.0,0.5,0.8563829787234043,0.6985232067510548,0.56,0.4666666666666667,0.509090909090909,0.7265822784810125,0.4399938466775961,0.4282196988477057,147,11,16,14
LightGBM,Class weight,8,1,3.0,4091952314.0,523556381.0,3904100140.0,1846442257.0,3056452749.0,0.5,0.898936170212766,0.7508438818565402,0.7619047619047619,0.5333333333333333,0.6274509803921569,0.8449367088607594,0.7475716567451764,0.5832500658586542,153,5,14,16
LightGBM,Class weight,9,1,4.0,4091952314.0,3458391536.0,1944959737.0,728422325.0,1574017402.0,0.5,0.8776595744680851,0.7921940928270041,0.6060606060606061,0.6666666666666666,0.6349206349206349,0.8537974683544304,0.6444941726595019,0.5625586141741544,145,13,10,20
LightGBM,SMOTE-NC,0,0,0.0,2684470948.0,4029279179.0,2761785351.0,2989350710.0,3281761072.0,0.5,0.8882978723404256,0.7130675981097185,0.7777777777777778,0.45161290322580644,0.5714285714285714,0.8736387918635711,0.7027304049586451,0.5374243819613206,153,4,17,14
LightGBM,SMOTE-NC,1,0,1.0,2684470948.0,1907587041.0,1135084225.0,3828389678.0,2828093097.0,0.5,0.8617021276595744,0.6453667557016642,0.6666666666666666,0.3225806451612903,0.43478260869565216,0.7618656256420793,0.48015683422974503,0.39815950301399394,152,5,21,10
LightGBM,SMOTE-NC,2,0,2.0,2684470948.0,550160846.0,2872431467.0,587926364.0,529458584.0,0.5,0.8882978723404256,0.7310126582278481,0.7142857142857143,0.5,0.5882352941176471,0.8578059071729958,0.6773138423434618,0.5371394635115445,152,6,15,15
LightGBM,SMOTE-NC,3,0,3.0,2684470948.0,456733724.0,2203993930.0,2981435048.0,115213771.0,0.5,0.8404255319148937,0.6215189873417721,0.5,0.3,0.375,0.7533755274261603,0.45960551213982404,0.30248413064593727,149,9,21,9
LightGBM,SMOTE-NC,4,0,4.0,2684470948.0,3899025672.0,159510999.0,2966261275.0,114505306.0,0.5,0.8351063829787234,0.6318565400843882,0.47619047619047616,0.3333333333333333,0.39215686274509803,0.7426160337552743,0.43585709572365056,0.3065864517759957,147,11,20,10
LightGBM,SMOTE-NC,5,1,0.0,4091952314.0,2709696717.0,4232686628.0,4128290628.0,15393592.0,0.5,0.8351063829787234,0.6682761454694884,0.5,0.41935483870967744,0.45614035087719296,0.7633038832956646,0.5470591565270908,0.36177540888826143,144,13,18,13
LightGBM,SMOTE-NC,6,1,1.0,4091952314.0,241719485.0,1593903430.0,3936794209.0,2038868498.0,0.5,0.8351063829787234,0.6423875077049517,0.5,0.3548387096774194,0.41509433962264153,0.7655640024655845,0.5066125523320193,0.3287510682636353,146,11,20,11
LightGBM,SMOTE-NC,7,1,2.0,4091952314.0,3113315634.0,3616968642.0,772256152.0,2108294497.0,0.5,0.8563829787234043,0.6310126582278481,0.6,0.3,0.4,0.7411392405063291,0.4571239805656626,0.35413083538368567,152,6,21,9
LightGBM,SMOTE-NC,8,1,3.0,4091952314.0,523556381.0,2654638213.0,1862925309.0,1260633286.0,0.5,0.8882978723404256,0.7040084388185655,0.7647058823529411,0.43333333333333335,0.5531914893617021,0.8542194092827005,0.6018905463155457,0.5210084692458198,154,4,17,13
LightGBM,SMOTE-NC,9,1,4.0,4091952314.0,3458391536.0,833923373.0,1110648885.0,3515236145.0,0.5,0.8776595744680851,0.6976793248945148,0.6842105263157895,0.43333333333333335,0.5306122448979592,0.8265822784810127,0.540130481596378,0.48035272961365366,152,6,17,13
LightGBM,Random undersampling,0,0,0.0,2684470948.0,4029279179.0,1625564220.0,4113154096.0,2096826827.0,0.5,0.7446808510638298,0.7824121635504417,0.37681159420289856,0.8387096774193549,0.52,0.8245325662625848,0.5988883036735368,0.4348565746949132,114,43,5,26
LightGBM,Random undersampling,1,0,1.0,2684470948.0,1907587041.0,1533363763.0,1935123000.0,3967924774.0,0.5,0.7393617021276596,0.7145058557633039,0.35,0.6774193548387096,0.46153846153846156,0.7682350523936716,0.4695100127200865,0.3415224137173086,118,39,10,21
LightGBM,Random undersampling,2,0,2.0,2684470948.0,550160846.0,1220854287.0,3758582623.0,1758797183.0,0.5,0.6436170212765957,0.7069620253164557,0.2823529411764706,0.8,0.41739130434782606,0.7696202531645571,0.49668571301428527,0.30456623663907323,97,61,6,24
LightGBM,Random undersampling,3,0,3.0,2684470948.0,456733724.0,1924123574.0,1042257191.0,3100530728.0,0.5,0.675531914893617,0.6719409282700421,0.28169014084507044,0.6666666666666666,0.39603960396039606,0.7172995780590716,0.3652667365438875,0.25976242402000327,107,51,10,20
LightGBM,Random undersampling,4,0,4.0,2684470948.0,3899025672.0,259983876.0,2020491716.0,459672635.0,0.5,0.675531914893617,0.6314345991561181,0.26153846153846155,0.5666666666666667,0.35789473684210527,0.6871308016877637,0.3398173934466645,0.20240425468249623,110,48,13,17
LightGBM,Random undersampling,5,1,0.0,4091952314.0,2709696717.0,509225429.0,2889283136.0,559252348.0,0.5,0.6170212765957447,0.6283131292377234,0.24691358024691357,0.6451612903225806,0.35714285714285715,0.7575508526813232,0.4922070444817421,0.19230800696738432,96,61,11,20
LightGBM,Random undersampling,6,1,1.0,4091952314.0,241719485.0,3569075123.0,2851770131.0,3212645757.0,0.5,0.7180851063829787,0.6888226833778508,0.3225806451612903,0.6451612903225806,0.43010752688172044,0.7283747688514486,0.4830094660828063,0.2980806033531258,115,42,11,20
LightGBM,Random undersampling,7,1,2.0,4091952314.0,3113315634.0,131703264.0,396562379.0,3706032122.0,0.5,0.7021276595744681,0.7012658227848101,0.3088235294117647,0.7,0.42857142857142855,0.7761603375527428,0.5276396305036538,0.3067920632399315,111,47,9,21
LightGBM,Random undersampling,8,1,3.0,4091952314.0,523556381.0,1153139301.0,1192008059.0,247100133.0,0.5,0.7127659574468085,0.7075949367088608,0.3181818181818182,0.7,0.4375,0.7544303797468355,0.497373872280568,0.3185547169027061,113,45,9,21
LightGBM,Random undersampling,9,1,4.0,4091952314.0,3458391536.0,1910718987.0,1293739971.0,2684043472.0,0.5,0.7393617021276596,0.7639240506329115,0.3582089552238806,0.8,0.4948453608247423,0.8059071729957805,0.5320890838980652,0.4036156969917773,115,43,6,24
LightGBM,Threshold tuning,0,0,0.0,2684470948.0,4029279179.0,3789892236.0,3801940780.0,1192000132.0,0.031251225041172004,0.6117021276595744,0.728682966920074,0.2857142857142857,0.9032258064516129,0.43410852713178294,0.8535031847133757,0.6871061723347985,0.3397505702264239,87,70,3,28
LightGBM,Threshold tuning,1,0,1.0,2684470948.0,1907587041.0,2179200459.0,3686995914.0,1954251739.0,0.18556201330090674,0.8457446808510638,0.648756934456544,0.55,0.3548387096774194,0.43137254901960786,0.7524142182042326,0.511490742564362,0.3580702587125184,148,9,20,11
LightGBM,Threshold tuning,2,0,2.0,2684470948.0,550160846.0,1865576201.0,696290716.0,2552503081.0,0.022643581267454086,0.31382978723404253,0.5782700421940928,0.18471337579617833,0.9666666666666667,0.31016042780748665,0.8067510548523207,0.5961756157287429,0.15448419755174322,30,128,1,29
LightGBM,Threshold tuning,3,0,3.0,2684470948.0,456733724.0,1255622846.0,1337740790.0,3137034488.0,0.0626200048494403,0.8723404255319149,0.6945147679324895,0.65,0.43333333333333335,0.52,0.7578059071729959,0.5126260587133202,0.4620639721141426,151,7,17,13
LightGBM,Threshold tuning,4,0,4.0,2684470948.0,3899025672.0,2198736427.0,651338462.0,425467139.0,0.16948291110770705,0.8297872340425532,0.6827004219409283,0.4666666666666667,0.4666666666666667,0.4666666666666667,0.7810126582278482,0.5668350196008815,0.36540084388185656,142,16,16,14
LightGBM,Threshold tuning,5,1,0.0,4091952314.0,2709696717.0,3953423047.0,1228360039.0,347819625.0,0.06955600374331056,0.7021276595744681,0.6533799054859256,0.29508196721311475,0.5806451612903226,0.391304347826087,0.7402917608382987,0.5162103290427692,0.24314332791910062,114,43,13,18
LightGBM,Threshold tuning,6,1,1.0,4091952314.0,241719485.0,1760923526.0,1971728804.0,2333202397.0,0.09451363807962669,0.851063829787234,0.6648859667146085,0.5714285714285714,0.3870967741935484,0.46153846153846156,0.7883706595438669,0.48655831830192364,0.3884869911988517,148,9,19,12
LightGBM,Threshold tuning,7,1,2.0,4091952314.0,3113315634.0,1317768216.0,2351869164.0,834810370.0,0.3342298207145954,0.8670212765957447,0.6913502109704641,0.6190476190476191,0.43333333333333335,0.5098039215686274,0.7221518987341772,0.4407384730788912,0.444918258817325,150,8,17,13
LightGBM,Threshold tuning,8,1,3.0,4091952314.0,523556381.0,1331684447.0,3484782548.0,1010511178.0,0.24577622068741065,0.8776595744680851,0.7921940928270041,0.6060606060606061,0.6666666666666666,0.6349206349206349,0.8147679324894515,0.7327993542629735,0.5625586141741544,145,13,10,20
LightGBM,Threshold tuning,9,1,4.0,4091952314.0,3458391536.0,1249041492.0,2898612858.0,3994365298.0,0.08705565335252284,0.8882978723404256,0.8120253164556962,0.6363636363636364,0.7,0.6666666666666666,0.8468354430379746,0.6113104650152119,0.6007394876271295,146,12,9,21
LightGBM,Calibrated sigmoid + threshold,0,0,0.0,2684470948.0,4029279179.0,3967070245.0,133870618.0,527734835.0,0.23404431398917758,0.8936170212765957,0.8198068625436614,0.6666666666666666,0.7096774193548387,0.6875,0.873638791863571,0.6863124349400098,0.6239152896039108,146,11,9,22
LightGBM,Calibrated sigmoid + threshold,1,0,1.0,2684470948.0,1907587041.0,792860250.0,4234735361.0,648155227.0,0.2561915881194229,0.8351063829787234,0.6812204643517568,0.5,0.45161290322580644,0.4745762711864407,0.7557016642695705,0.516634133003381,0.3777712478167289,143,14,17,14
LightGBM,Calibrated sigmoid + threshold,2,0,2.0,2684470948.0,550160846.0,1583889975.0,2955059940.0,1705714839.0,0.24685590238924895,0.8457446808510638,0.7732067510548524,0.5128205128205128,0.6666666666666666,0.5797101449275363,0.8276371308016878,0.6671831247613207,0.49349772567104544,139,19,10,20
LightGBM,Calibrated sigmoid + threshold,3,0,3.0,2684470948.0,456733724.0,2944692030.0,1027041084.0,2219517225.0,0.26223293840678663,0.8457446808510638,0.7191983122362869,0.5161290322580645,0.5333333333333333,0.5245901639344263,0.8128691983122363,0.5651744065271027,0.4326390330357445,143,15,14,16
LightGBM,Calibrated sigmoid + threshold,4,0,4.0,2684470948.0,3899025672.0,4048053049.0,3414887090.0,818288438.0,0.25758010988397934,0.824468085106383,0.6930379746835442,0.45454545454545453,0.5,0.47619047619047616,0.749789029535865,0.5199198363405197,0.3716542469092789,140,18,15,15
LightGBM,Calibrated sigmoid + threshold,5,1,0.0,4091952314.0,2709696717.0,1791683147.0,4064723727.0,3601039299.0,0.26979144015712203,0.8191489361702128,0.7363879186357098,0.4634146341463415,0.6129032258064516,0.5277777777777778,0.7848777480994453,0.630180768198023,0.4248497331559213,135,22,12,19
LightGBM,Calibrated sigmoid + threshold,6,1,1.0,4091952314.0,241719485.0,2183199759.0,800006793.0,1797420522.0,0.2583008193688878,0.8351063829787234,0.6941647832340251,0.5,0.4838709677419355,0.4918032786885246,0.7709061023217587,0.5256431245917226,0.393497484329912,142,15,16,15
LightGBM,Calibrated sigmoid + threshold,7,1,2.0,4091952314.0,3113315634.0,3125731522.0,311745144.0,3002194668.0,0.25410391859317394,0.8457446808510638,0.7191983122362869,0.5161290322580645,0.5333333333333333,0.5245901639344263,0.7628691983122363,0.4791443532781423,0.4326390330357445,143,15,14,16
LightGBM,Calibrated sigmoid + threshold,8,1,3.0,4091952314.0,523556381.0,1909199244.0,1608483159.0,134794779.0,0.2433487065369102,0.8563829787234043,0.7795358649789029,0.5405405405405406,0.6666666666666666,0.5970149253731343,0.860126582278481,0.7003127502132735,0.5149527330098629,141,17,10,20
LightGBM,Calibrated sigmoid + threshold,9,1,4.0,4091952314.0,3458391536.0,2175652465.0,2988520532.0,3741998647.0,0.2506774829715877,0.8670212765957447,0.8128691983122363,0.5641025641025641,0.7333333333333333,0.6376811594202898,0.8687763713080169,0.6527982457018312,0.5651406387414366,141,17,8,22
LightGBM,Calibrated isotonic + threshold,0,0,0.0,2684470948.0,4029279179.0,345735454.0,274592817.0,2331512675.0,0.22034632034632037,0.8882978723404256,0.8295664680501336,0.6388888888888888,0.7419354838709677,0.6865671641791045,0.8779535648243271,0.7140670796289521,0.6216281058735992,144,13,8,23
LightGBM,Calibrated isotonic + threshold,1,0,1.0,2684470948.0,1907587041.0,1679956907.0,4284530442.0,2167245685.0,0.29,0.8617021276595744,0.6971440312307376,0.6086956521739131,0.45161290322580644,0.5185185185185185,0.7512841586192728,0.4957996503162333,0.4465174249318154,148,9,17,14
LightGBM,Calibrated isotonic + threshold,2,0,2.0,2684470948.0,550160846.0,3461100969.0,227139269.0,4153371952.0,0.35978835978835977,0.8670212765957447,0.6913502109704641,0.6190476190476191,0.43333333333333335,0.5098039215686274,0.8300632911392405,0.627167368686243,0.444918258817325,150,8,17,13
LightGBM,Calibrated isotonic + threshold,3,0,3.0,2684470948.0,456733724.0,54664252.0,2432413196.0,1926448604.0,0.2561469032057267,0.824468085106383,0.6390295358649789,0.44,0.36666666666666664,0.4,0.7715189873417722,0.517917905348836,0.2998903098200192,144,14,19,11
LightGBM,Calibrated isotonic + threshold,4,0,4.0,2684470948.0,3899025672.0,410022572.0,1725870749.0,3531066504.0,0.29202447364915585,0.8191489361702128,0.649367088607595,0.42857142857142855,0.4,0.41379310344827586,0.7338607594936709,0.49151863173182714,0.30728055284302547,142,16,18,12
LightGBM,Calibrated isotonic + threshold,5,1,0.0,4091952314.0,2709696717.0,1183341844.0,92196299.0,4213187924.0,0.2823845543705012,0.824468085106383,0.700739675364701,0.47058823529411764,0.5161290322580645,0.49230769230769234,0.7793301828641874,0.5654995404727783,0.38707405958320856,139,18,15,16
LightGBM,Calibrated isotonic + threshold,6,1,1.0,4091952314.0,241719485.0,1622434598.0,4285744998.0,1079756657.0,0.2482794682363214,0.8404255319148937,0.7232381343743579,0.5151515151515151,0.5483870967741935,0.53125,0.7565235257859051,0.5029009860917529,0.4355181253804363,141,16,14,17
LightGBM,Calibrated isotonic + threshold,7,1,2.0,4091952314.0,3113315634.0,4243137995.0,3654131740.0,3519016206.0,0.2814722911497105,0.8563829787234043,0.7120253164556962,0.5555555555555556,0.5,0.5263157894736842,0.7422995780590718,0.4710760378499383,0.4428045415403035,146,12,15,15
LightGBM,Calibrated isotonic + threshold,8,1,3.0,4091952314.0,523556381.0,4054119256.0,3929336865.0,3532826038.0,0.29578904866897,0.8670212765957447,0.7588607594936709,0.5806451612903226,0.6,0.5901639344262295,0.8623417721518987,0.6929154219481063,0.5109221304474095,145,13,12,18
LightGBM,Calibrated isotonic + threshold,9,1,4.0,4091952314.0,3458391536.0,2447723840.0,1580205710.0,274818661.0,0.23914516806164002,0.8670212765957447,0.7858649789029536,0.5714285714285714,0.6666666666666666,0.6153846153846154,0.8591772151898734,0.575837561322711,0.5378985610071119,143,15,10,20
Stacking,No handling,0,0,0.0,2684470948.0,4029279179.0,3008498687.0,1714703904.0,2159367303.0,0.5,0.8829787234042553,0.6710499280871174,0.8461538461538461,0.3548387096774194,0.5,0.8656256420793097,0.7317549998679105,0.500371844382349,155,2,20,11
Stacking,No handling,1,0,1.0,2684470948.0,1907587041.0,1395388164.0,3653861103.0,4151235867.0,0.5,0.8670212765957447,0.6485514690774604,0.7142857142857143,0.3225806451612903,0.4444444444444444,0.7758372714197658,0.47215337953339737,0.4199513462768559,153,4,21,10
Stacking,No handling,2,0,2.0,2684470948.0,550160846.0,4152248007.0,4246860489.0,2127097631.0,0.5,0.8670212765957447,0.6373417721518987,0.6923076923076923,0.3,0.4186046511627907,0.8388185654008439,0.6286018848578753,0.39648897255208004,154,4,21,9
Stacking,No handling,3,0,3.0,2684470948.0,456733724.0,2997357965.0,2497862240.0,1225026176.0,0.5,0.8776595744680851,0.6436708860759494,0.8181818181818182,0.3,0.43902439024390244,0.7656118143459916,0.5151805063862029,0.4483373917964441,156,2,21,9
Stacking,No handling,4,0,4.0,2684470948.0,3899025672.0,666437635.0,1735344116.0,2232736870.0,0.5,0.8670212765957447,0.6373417721518987,0.6923076923076923,0.3,0.4186046511627907,0.7738396624472573,0.5539923229455985,0.39648897255208004,154,4,21,9
Stacking,No handling,5,1,0.0,4091952314.0,2709696717.0,2716225116.0,1859147339.0,705730779.0,0.5,0.8776595744680851,0.7066981713581262,0.7,0.45161290322580644,0.5490196078431373,0.7935072940209574,0.6090409812369098,0.49753961362540544,151,6,17,14
Stacking,No handling,6,1,1.0,4091952314.0,241719485.0,2354700948.0,3062554476.0,2150177470.0,0.5,0.851063829787234,0.5872200534209986,0.6666666666666666,0.1935483870967742,0.3,0.7795356482432709,0.4956617426115972,0.3032000348740822,154,3,25,6
Stacking,No handling,7,1,2.0,4091952314.0,3113315634.0,2710913723.0,1530940167.0,1428621649.0,0.5,0.851063829787234,0.6278481012658228,0.5625,0.3,0.391304347826087,0.7660337552742617,0.460057103745171,0.3355747182401128,151,7,21,9
Stacking,No handling,8,1,3.0,4091952314.0,523556381.0,366104313.0,2970460281.0,1251761001.0,0.5,0.9095744680851063,0.7301687763713081,0.9333333333333333,0.4666666666666667,0.6222222222222222,0.8639240506329114,0.7445942271936851,0.6221525626467006,157,1,16,14
Stacking,No handling,9,1,4.0,4091952314.0,3458391536.0,2163090237.0,411286113.0,870107632.0,0.5,0.8882978723404256,0.7040084388185655,0.7647058823529411,0.43333333333333335,0.5531914893617021,0.8624472573839663,0.5976846645346011,0.5210084692458198,154,4,17,13
Stacking,Class weight,0,0,0.0,2684470948.0,4029279179.0,1780088670.0,2190095734.0,206251517.0,0.5,0.824468085106383,0.8301828641873845,0.48148148148148145,0.8387096774193549,0.611764705882353,0.8855557838504211,0.7380244645376027,0.5415841180875705,129,28,5,26
Stacking,Class weight,1,0,1.0,2684470948.0,1907587041.0,2151491954.0,2621592818.0,2795606159.0,0.5,0.7606382978723404,0.6884117526196836,0.36,0.5806451612903226,0.4444444444444444,0.757139921923156,0.4559197402884461,0.316478428096734,125,32,13,18
Stacking,Class weight,2,0,2.0,2684470948.0,550160846.0,3535106253.0,174872499.0,593466260.0,0.5,0.7925531914893617,0.7145569620253165,0.4,0.6,0.48,0.8175105485232067,0.6124913067369552,0.3682879438157869,131,27,12,18
Stacking,Class weight,3,0,3.0,2684470948.0,456733724.0,1410840193.0,1841951968.0,3081508858.0,0.5,0.8138297872340425,0.700210970464135,0.43243243243243246,0.5333333333333333,0.47761194029850745,0.7734177215189874,0.5334303024681479,0.3688227499066867,137,21,14,16
Stacking,Class weight,4,0,4.0,2684470948.0,3899025672.0,613937507.0,499989456.0,533078250.0,0.5,0.7872340425531915,0.6843881856540084,0.38095238095238093,0.5333333333333333,0.4444444444444444,0.7609704641350212,0.5506752144161332,0.32422849796418135,132,26,14,16
Stacking,Class weight,5,1,0.0,4091952314.0,2709696717.0,3169169500.0,4188872631.0,547431929.0,0.5,0.7712765957446809,0.6818368604890076,0.3695652173913043,0.5483870967741935,0.44155844155844154,0.7883706595438669,0.5805800602055635,0.31392037551481583,128,29,14,17
Stacking,Class weight,6,1,1.0,4091952314.0,241719485.0,2970996612.0,1529873664.0,3858409868.0,0.5,0.7819148936170213,0.7140949250051367,0.3958333333333333,0.6129032258064516,0.4810126582278481,0.7799465790014383,0.524405463948499,0.3644033870387717,128,29,12,19
Stacking,Class weight,7,1,2.0,4091952314.0,3113315634.0,3216323554.0,1275320335.0,937424249.0,0.5,0.8351063829787234,0.7128691983122363,0.48484848484848486,0.5333333333333333,0.5079365079365079,0.7525316455696204,0.43556303913134736,0.409835120362254,141,17,14,16
Stacking,Class weight,8,1,3.0,4091952314.0,523556381.0,3622149180.0,2386040886.0,4096718081.0,0.5,0.7925531914893617,0.7685654008438818,0.41509433962264153,0.7333333333333333,0.5301204819277109,0.8318565400843883,0.7061046365910019,0.4371841511127929,127,31,8,22
Stacking,Class weight,9,1,4.0,4091952314.0,3458391536.0,111293944.0,4216754173.0,2154014072.0,0.5,0.8297872340425532,0.7772151898734176,0.4772727272727273,0.7,0.5675675675675675,0.8512658227848101,0.5796000660833995,0.47954415927049804,135,23,9,21
Stacking,SMOTE-NC,0,0,0.0,2684470948.0,4029279179.0,609518289.0,4287084057.0,3588576026.0,0.5,0.8776595744680851,0.6549208958290528,0.8333333333333334,0.3225806451612903,0.46511627906976744,0.8658311074583933,0.7152412954961307,0.47035277592089136,155,2,21,10
Stacking,SMOTE-NC,1,0,1.0,2684470948.0,1907587041.0,2667037663.0,2833318474.0,2328885432.0,0.5,0.8563829787234043,0.6292377234435997,0.6428571428571429,0.2903225806451613,0.4,0.7817957674131908,0.4821101359082268,0.3653518628051761,152,5,22,9
Stacking,SMOTE-NC,2,0,2.0,2684470948.0,550160846.0,2534998481.0,638668424.0,597428748.0,0.5,0.8829787234042553,0.6468354430379747,0.9,0.3,0.45,0.8320675105485231,0.6415747662204937,0.4792256590137332,157,1,21,9
Stacking,SMOTE-NC,3,0,3.0,2684470948.0,456733724.0,1028331989.0,1318831134.0,2590579156.0,0.5,0.8723404255319149,0.6540084388185654,0.7142857142857143,0.3333333333333333,0.45454545454545453,0.7563291139240507,0.5105295795364926,0.42966011758857464,154,4,20,10
Stacking,SMOTE-NC,4,0,4.0,2684470948.0,3899025672.0,3527117026.0,265405273.0,170846052.0,0.5,0.8670212765957447,0.6508438818565401,0.6666666666666666,0.3333333333333333,0.4444444444444444,0.7734177215189874,0.4901962308805385,0.4077351808362887,153,5,20,10
Stacking,SMOTE-NC,5,1,0.0,4091952314.0,2709696717.0,2198236569.0,212715067.0,110137205.0,0.5,0.8617021276595744,0.6712553934662009,0.631578947368421,0.3870967741935484,0.48,0.7836449558249434,0.5690888543050102,0.4216817192875302,150,7,19,12
Stacking,SMOTE-NC,6,1,1.0,4091952314.0,241719485.0,1621242078.0,1001043775.0,2447391588.0,0.5,0.8563829787234043,0.6162934045613314,0.6666666666666666,0.25806451612903225,0.37209302325581395,0.7657694678446683,0.5198143729863576,0.35307648696448873,153,4,23,8
Stacking,SMOTE-NC,7,1,2.0,4091952314.0,3113315634.0,4180320150.0,1671702819.0,1217804053.0,0.5,0.8563829787234043,0.5905063291139241,0.6666666666666666,0.2,0.3076923076923077,0.7725738396624473,0.49698096729335495,0.31049195137409025,155,3,24,6
Stacking,SMOTE-NC,8,1,3.0,4091952314.0,523556381.0,4257632762.0,3335964650.0,2568837334.0,0.5,0.8829787234042553,0.6738396624472573,0.7857142857142857,0.36666666666666664,0.5,0.8481012658227848,0.6592854413127892,0.484986214921898,155,3,19,11
Stacking,SMOTE-NC,9,1,4.0,4091952314.0,3458391536.0,3968241847.0,3593582577.0,1099632681.0,0.5,0.8882978723404256,0.6905063291139241,0.8,0.4,0.5333333333333333,0.8489451476793248,0.6482775437671984,0.5149438717414947,155,3,18,12
Stacking,Random undersampling,0,0,0.0,2684470948.0,4029279179.0,3254579324.0,1875428649.0,2720895068.0,0.5,0.8404255319148937,0.5161290322580645,1.0,0.03225806451612903,0.0625,0.8600780768440518,0.6739318702768846,0.16456905526873564,157,0,30,1
Stacking,Random undersampling,1,0,1.0,2684470948.0,1907587041.0,993837026.0,395246073.0,1116604337.0,0.5,0.851063829787234,0.5483870967741935,1.0,0.0967741935483871,0.17647058823529413,0.7450174645572221,0.4593500523824917,0.28657859058014346,157,0,28,3
Stacking,Random undersampling,2,0,2.0,2684470948.0,550160846.0,3681914335.0,865249257.0,776325495.0,0.5,0.8670212765957447,0.5833333333333334,1.0,0.16666666666666666,0.2857142857142857,0.8369198312236287,0.6388546827220254,0.3793388938100241,158,0,25,5
Stacking,Random undersampling,3,0,3.0,2684470948.0,456733724.0,1462506833.0,2182771710.0,1269208360.0,0.5,0.851063829787234,0.5333333333333333,1.0,0.06666666666666667,0.125,0.7198312236286919,0.4054886452329449,0.23797231850103878,158,0,28,2
Stacking,Random undersampling,4,0,4.0,2684470948.0,3899025672.0,2310952613.0,3026599340.0,974774833.0,0.5,0.8617021276595744,0.580168776371308,0.8333333333333334,0.16666666666666666,0.2777777777777778,0.7594936708860759,0.46474419166136516,0.3340512508171713,157,1,25,5
Stacking,Random undersampling,5,1,0.0,4091952314.0,2709696717.0,3177027819.0,2655277289.0,1521432081.0,0.5,0.8563829787234043,0.6292377234435997,0.6428571428571429,0.2903225806451613,0.4,0.7799465790014383,0.5032602258959067,0.3653518628051761,152,5,22,9
Stacking,Random undersampling,6,1,1.0,4091952314.0,241719485.0,3510231306.0,3362599471.0,1379381070.0,0.5,0.8563829787234043,0.564516129032258,1.0,0.12903225806451613,0.22857142857142856,0.7550852681323197,0.5029076594403361,0.33181045299702744,157,0,27,4
Stacking,Random undersampling,7,1,2.0,4091952314.0,3113315634.0,2338101795.0,3860847840.0,2504934862.0,0.5,0.8563829787234043,0.5635021097046413,0.8,0.13333333333333333,0.22857142857142856,0.7654008438818565,0.5127683733722175,0.2890658405995374,157,1,26,4
Stacking,Random undersampling,8,1,3.0,4091952314.0,523556381.0,2516698394.0,2052483276.0,567651280.0,0.5,0.8563829787234043,0.5770042194092827,0.7142857142857143,0.16666666666666666,0.2702702702702703,0.830379746835443,0.6552248460435873,0.2978827687410397,156,2,25,5
Stacking,Random undersampling,9,1,4.0,4091952314.0,3458391536.0,3898176258.0,956594318.0,1270664516.0,0.5,0.8617021276595744,0.580168776371308,0.8333333333333334,0.16666666666666666,0.2777777777777778,0.849789029535865,0.6014210292507898,0.3340512508171713,157,1,25,5
Stacking,Threshold tuning,0,0,0.0,2684470948.0,4029279179.0,829043309.0,2464370911.0,606870737.0,0.15713796442037833,0.8617021276595744,0.8395315389356893,0.5555555555555556,0.8064516129032258,0.6578947368421053,0.8742551880008219,0.7250794476256279,0.5905633821789282,137,20,6,25
Stacking,Threshold tuning,1,0,1.0,2684470948.0,1907587041.0,233623757.0,2542476235.0,2358414889.0,0.3303802555644353,0.8457446808510638,0.6358126155742757,0.5555555555555556,0.3225806451612903,0.40816326530612246,0.7602219026094104,0.4551416727298089,0.34256269669858525,149,8,21,10
Stacking,Threshold tuning,2,0,2.0,2684470948.0,550160846.0,4185980401.0,226019470.0,1090801332.0,0.18723552925266168,0.8457446808510638,0.7191983122362869,0.5161290322580645,0.5333333333333333,0.5245901639344263,0.820886075949367,0.5928272052145591,0.4326390330357445,143,15,14,16
Stacking,Threshold tuning,3,0,3.0,2684470948.0,456733724.0,2631176278.0,1765782220.0,2983655173.0,0.19781646730506824,0.851063829787234,0.7088607594936709,0.5357142857142857,0.5,0.5172413793103449,0.7740506329113924,0.5079846558627229,0.42967195948389153,145,13,15,15
Stacking,Threshold tuning,4,0,4.0,2684470948.0,3899025672.0,2956432072.0,1707746716.0,875679753.0,0.2011071313487651,0.7925531914893617,0.6875527426160337,0.3902439024390244,0.5333333333333333,0.4507042253521127,0.7656118143459917,0.5497707078622788,0.3326534179237939,133,25,14,16
Stacking,Threshold tuning,5,1,0.0,4091952314.0,2709696717.0,2581462353.0,2683927598.0,2787073015.0,0.20106318143873025,0.7978723404255319,0.6977604273679885,0.4146341463414634,0.5483870967741935,0.4722222222222222,0.7881651941647831,0.5879675847350454,0.3554262217840715,133,24,14,17
Stacking,Threshold tuning,6,1,1.0,4091952314.0,241719485.0,354257153.0,3104489279.0,319149697.0,0.18415786205799964,0.8191489361702128,0.6846106431066366,0.45454545454545453,0.4838709677419355,0.46875,0.7637148140538319,0.5083399697690792,0.3601592596910465,139,18,16,15
Stacking,Threshold tuning,7,1,2.0,4091952314.0,3113315634.0,2391730642.0,3570849069.0,199076050.0,0.2012654993804103,0.8617021276595744,0.7286919831223628,0.5714285714285714,0.5333333333333333,0.5517241379310345,0.7934599156118144,0.5233272313791311,0.4704690950308469,146,12,14,16
Stacking,Threshold tuning,8,1,3.0,4091952314.0,523556381.0,3521832058.0,86363554.0,3423021907.0,0.16426572457506458,0.8191489361702128,0.7843881856540085,0.4583333333333333,0.7333333333333333,0.5641025641025641,0.8573839662447258,0.7746673974308885,0.47768992374861163,132,26,8,22
Stacking,Threshold tuning,9,1,4.0,4091952314.0,3458391536.0,3979826136.0,1339951544.0,4175328358.0,0.17722576822408487,0.851063829787234,0.7763713080168776,0.5263157894736842,0.6666666666666666,0.5882352941176471,0.8660337552742615,0.5998954389195021,0.5040512460037885,140,18,10,20
Stacking,Calibrated sigmoid + threshold,0,0,0.0,2684470948.0,4029279179.0,83222699.0,1813064088.0,665126715.0,0.38728351398925637,0.9042553191489362,0.7485103760016437,0.8421052631578947,0.5161290322580645,0.64,0.8742551880008218,0.7573575399623154,0.6119064660807052,154,3,15,16
Stacking,Calibrated sigmoid + threshold,1,0,1.0,2684470948.0,1907587041.0,3352153771.0,297447415.0,2108597707.0,0.2760355008215,0.8351063829787234,0.6423875077049517,0.5,0.3548387096774194,0.41509433962264153,0.7900143825765358,0.48601467272018484,0.3287510682636353,146,11,20,11
Stacking,Calibrated sigmoid + threshold,2,0,2.0,2684470948.0,550160846.0,2706068326.0,2329231569.0,979301460.0,0.2297388240849992,0.8563829787234043,0.7255274261603375,0.5517241379310345,0.5333333333333333,0.5423728813559322,0.8259493670886076,0.6342965593866445,0.4573208151486772,145,13,14,16
Stacking,Calibrated sigmoid + threshold,3,0,3.0,2684470948.0,456733724.0,3777265455.0,3449747170.0,2357247293.0,0.30300672767768916,0.8563829787234043,0.6580168776371308,0.5789473684210527,0.36666666666666664,0.4489795918367347,0.7818565400843882,0.5320936539305045,0.38397459389607963,150,8,19,11
Stacking,Calibrated sigmoid + threshold,4,0,4.0,2684470948.0,3899025672.0,2389935562.0,291222737.0,3291859853.0,0.27030650923389127,0.8457446808510638,0.6516877637130801,0.5238095238095238,0.36666666666666664,0.43137254901960786,0.7740506329113924,0.5297112642130435,0.3526970541231055,148,10,19,11
Stacking,Calibrated sigmoid + threshold,5,1,0.0,4091952314.0,2709696717.0,3137355857.0,2124074218.0,148569397.0,0.16047826900679069,0.75,0.7079309636326279,0.35714285714285715,0.6451612903225806,0.45977011494252873,0.7998767207725499,0.5988665804161317,0.33744178205286096,121,36,11,20
Stacking,Calibrated sigmoid + threshold,6,1,1.0,4091952314.0,241719485.0,4122816128.0,388730761.0,111761250.0,0.2374728201886437,0.8191489361702128,0.6587220053420999,0.4482758620689655,0.41935483870967744,0.43333333333333335,0.7647421409492502,0.5235995304720603,0.3261371333270468,141,16,18,13
Stacking,Calibrated sigmoid + threshold,7,1,2.0,4091952314.0,3113315634.0,4054398601.0,605551254.0,2041496959.0,0.19098245256789595,0.851063829787234,0.7088607594936709,0.5357142857142857,0.5,0.5172413793103449,0.7780590717299578,0.5014245108311108,0.42967195948389153,145,13,15,15
Stacking,Calibrated sigmoid + threshold,8,1,3.0,4091952314.0,523556381.0,3985977983.0,344585506.0,2779697141.0,0.17859970758312502,0.8404255319148937,0.7970464135021097,0.5,0.7333333333333333,0.5945945945945946,0.8723628691983123,0.7527040171072545,0.5138494492030907,136,22,8,22
Stacking,Calibrated sigmoid + threshold,9,1,4.0,4091952314.0,3458391536.0,2541790752.0,3661492421.0,1530483718.0,0.29533224853465745,0.8776595744680851,0.7246835443037974,0.6521739130434783,0.5,0.5660377358490566,0.8649789029535865,0.5757862843545399,0.5022090591182015,150,8,15,15
Stacking,Calibrated isotonic + threshold,0,0,0.0,2684470948.0,4029279179.0,1877148039.0,2597893420.0,1063125069.0,0.25531011045029733,0.9095744680851063,0.8423053215533183,0.71875,0.7419354838709677,0.7301587301587301,0.8745633860694472,0.7619691282464711,0.6759849566557398,148,9,8,23
Stacking,Calibrated isotonic + threshold,1,0,1.0,2684470948.0,1907587041.0,228714212.0,4252472027.0,711919744.0,0.24552741944046294,0.8138297872340425,0.668481610848572,0.4375,0.45161290322580644,0.4444444444444444,0.7671049928087117,0.44239019202515095,0.3327176857489235,139,18,17,14
Stacking,Calibrated isotonic + threshold,2,0,2.0,2684470948.0,550160846.0,1688807345.0,2676729826.0,1086931440.0,0.2749348495617152,0.8563829787234043,0.7660337552742615,0.5428571428571428,0.6333333333333333,0.5846153846153846,0.839873417721519,0.6600082145553453,0.5005830888782052,142,16,11,19
Stacking,Calibrated isotonic + threshold,3,0,3.0,2684470948.0,456733724.0,4106246600.0,1350905564.0,663610589.0,0.29817444219066935,0.851063829787234,0.7088607594936709,0.5357142857142857,0.5,0.5172413793103449,0.7761603375527426,0.503000183586962,0.42967195948389153,145,13,15,15
Stacking,Calibrated isotonic + threshold,4,0,4.0,2684470948.0,3899025672.0,3291333417.0,591955164.0,1276792569.0,0.27869059656218403,0.8085106382978723,0.6835443037974683,0.4166666666666667,0.5,0.45454545454545453,0.7654008438818565,0.5242720083863862,0.34165441174405964,137,21,15,15
Stacking,Calibrated isotonic + threshold,5,1,0.0,4091952314.0,2709696717.0,3601338444.0,4154689804.0,688399251.0,0.2329293902063855,0.7606382978723404,0.701356071501952,0.36538461538461536,0.6129032258064516,0.4578313253012048,0.7827203616190672,0.6086583404866086,0.33408291949678937,124,33,12,19
Stacking,Calibrated isotonic + threshold,6,1,1.0,4091952314.0,241719485.0,1304351315.0,4235788815.0,23107991.0,0.2884615384615385,0.824468085106383,0.6877953564824327,0.46875,0.4838709677419355,0.47619047619047616,0.7750154099034313,0.502067379434544,0.37085849362745865,140,17,16,15
Stacking,Calibrated isotonic + threshold,7,1,2.0,4091952314.0,3113315634.0,3738511117.0,2278898970.0,370112692.0,0.2592418546365915,0.8457446808510638,0.7056962025316456,0.5172413793103449,0.5,0.5084745762711864,0.7847046413502109,0.4567739048711652,0.41710738519173085,144,14,15,15
Stacking,Calibrated isotonic + threshold,8,1,3.0,4091952314.0,523556381.0,3341869541.0,4151026007.0,3197180190.0,0.24346712040102905,0.8617021276595744,0.7962025316455696,0.5526315789473685,0.7,0.6176470588235294,0.8600210970464135,0.7163615607288192,0.5402198086941367,141,17,9,21
Stacking,Calibrated isotonic + threshold,9,1,4.0,4091952314.0,3458391536.0,1941762557.0,628456981.0,1881908461.0,0.274734455185583,0.8563829787234043,0.7255274261603375,0.5517241379310345,0.5333333333333333,0.5423728813559322,0.85084388185654,0.5543660343550139,0.4573208151486772,145,13,14,16
Majority baseline,Majority class,0,0,,,,,,,1.0,0.8351063829787234,0.5,0.0,0.0,0.0,0.5,0.16489361702127658,0.0,157,0,31,0
Majority baseline,Majority class,1,0,,,,,,,1.0,0.8351063829787234,0.5,0.0,0.0,0.0,0.5,0.16489361702127658,0.0,157,0,31,0
Majority baseline,Majority class,2,0,,,,,,,1.0,0.8404255319148937,0.5,0.0,0.0,0.0,0.5,0.1595744680851064,0.0,158,0,30,0
Majority baseline,Majority class,3,0,,,,,,,1.0,0.8404255319148937,0.5,0.0,0.0,0.0,0.5,0.1595744680851064,0.0,158,0,30,0
Majority baseline,Majority class,4,0,,,,,,,1.0,0.8404255319148937,0.5,0.0,0.0,0.0,0.5,0.1595744680851064,0.0,158,0,30,0
Majority baseline,Majority class,5,1,,,,,,,1.0,0.8351063829787234,0.5,0.0,0.0,0.0,0.5,0.16489361702127658,0.0,157,0,31,0
Majority baseline,Majority class,6,1,,,,,,,1.0,0.8351063829787234,0.5,0.0,0.0,0.0,0.5,0.16489361702127658,0.0,157,0,31,0
Majority baseline,Majority class,7,1,,,,,,,1.0,0.8404255319148937,0.5,0.0,0.0,0.0,0.5,0.1595744680851064,0.0,158,0,30,0
Majority baseline,Majority class,8,1,,,,,,,1.0,0.8404255319148937,0.5,0.0,0.0,0.0,0.5,0.1595744680851064,0.0,158,0,30,0
Majority baseline,Majority class,9,1,,,,,,,1.0,0.8404255319148937,0.5,0.0,0.0,0.0,0.5,0.1595744680851064,0.0,158,0,30,0
