model,strategy,n_folds,accuracy_mean,accuracy_std,accuracy_ci95_low,accuracy_ci95_high,balanced_accuracy_mean,balanced_accuracy_std,balanced_accuracy_ci95_low,balanced_accuracy_ci95_high,precision_mean,precision_std,precision_ci95_low,precision_ci95_high,recall_mean,recall_std,recall_ci95_low,recall_ci95_high,f1_mean,f1_std,f1_ci95_low,f1_ci95_high,roc_auc_mean,roc_auc_std,roc_auc_ci95_low,roc_auc_ci95_high,pr_auc_mean,pr_auc_std,pr_auc_ci95_low,pr_auc_ci95_high,mcc_mean,mcc_std,mcc_ci95_low,mcc_ci95_high
Logistic Regression,No handling,10,0.8813829787234042,0.01926840849205271,0.8675991896415505,0.895166767805258,0.671660827808742,0.080454376097958,0.6141072342515066,0.7292144213659775,0.8307742662282305,0.1112106713915879,0.7512189444306239,0.9103295880258371,0.36172043010752686,0.17293540954772216,0.2380098906006986,0.4854309696143551,0.47312222518421987,0.16260214223260708,0.3568036598125001,0.5894407905559396,0.820405820131966,0.04803536019934281,0.7860433934825777,0.8547682467813542,0.6358254523387539,0.07695596132499168,0.5807744739493097,0.690876430728198,0.47998740577724985,0.11292119198900613,0.399208451257475,0.5607663602970246
Logistic Regression,Class weight,10,0.7558510638297873,0.03311855507425907,0.7321594767416463,0.7795426509179283,0.746919467107767,0.035763052380676855,0.7213361206086593,0.7725028136068748,0.3742749467025502,0.04640650033367556,0.3410777362069254,0.407472157198175,0.7336559139784946,0.06656069351191624,0.6860412622085486,0.7812705657484407,0.49411316013201906,0.04640124614426387,0.46091970825707523,0.5273066120069629,0.8124968248229919,0.044816255273418995,0.7804372071134074,0.8445564425325764,0.6192135973995054,0.07301312979720362,0.5669831507725434,0.6714440440264675,0.3917524389175609,0.06104466718529523,0.34808371467387916,0.43542116316124263
Logistic Regression,SMOTE-NC,10,0.7813829787234042,0.05184161883068241,0.7442977186761767,0.8184682387706318,0.727874807430391,0.0661165377391681,0.680577885559807,0.775171729300975,0.4023161420925726,0.0954632826606258,0.3340258235746643,0.4706064606104809,0.6486021505376344,0.10137452838461404,0.5760831815681815,0.7211211195070872,0.4937919121804747,0.09348778771211386,0.4269147776166946,0.5606690467442548,0.804286432609523,0.049136656670865794,0.7691361859237097,0.8394366792953364,0.5929900073434545,0.09477860211216858,0.5251894797842689,0.6607905349026402,0.3840081978894562,0.12153391576549412,0.29706807193695295,0.4709483238419595
Logistic Regression,Random undersampling,10,0.7202127659574469,0.030628117562679694,0.6983027305421026,0.7421228013727912,0.7309954840963728,0.03801467283900121,0.7038014253527779,0.7581895428399678,0.3371716797225067,0.032881859644205175,0.31364941434486643,0.360693945100147,0.7468817204301075,0.07394500645166623,0.6939846494028626,0.7997787914573523,0.4637277427129513,0.04013028963605621,0.4350202628831955,0.4924352225427071,0.8039717888232035,0.044381482694169604,0.7722231886807117,0.8357203889656953,0.5895034943553077,0.06545446546522003,0.5426801904581442,0.6363267982524712,0.35539396150639824,0.0581810449499784,0.3137737492048415,0.39701417380795495
Logistic Regression,Threshold tuning,10,0.8718085106382979,0.019333559678771598,0.8579781152050926,0.8856389060715032,0.7326781415179644,0.06159148683338895,0.6886182460626984,0.7767380369732304,0.6401865768639963,0.10070735042200843,0.5681448782576048,0.7122282754703877,0.5268817204301075,0.13901266308113938,0.42743805187764117,0.6263253889825738,0.5624731179088382,0.09194448168030585,0.4966999979729382,0.6282462378447383,0.8243144565267334,0.044253638539304835,0.7926573105833121,0.8559716024701547,0.6426192651943676,0.07055325596650983,0.5921485063000088,0.6930900240887264,0.5014202373745771,0.08676867613090876,0.4393496656823995,0.5634908090667546
Logistic Regression,Calibrated sigmoid + threshold,10,0.8702127659574469,0.01722689049856896,0.8578893908708952,0.8825361410439986,0.7423671562291122,0.05573696488052364,0.7024953334839852,0.7822389789742392,0.6177361371443528,0.07238171196215239,0.5659573796262476,0.6695148946624581,0.5532258064516128,0.12773164700370443,0.4618520906565057,0.6445995222467199,0.5743203154183585,0.07126241014686543,0.5233422581836843,0.6252983726530327,0.819888675910008,0.046530603639255305,0.786602687257683,0.853174664562333,0.6415369523678944,0.07033777345607808,0.5912203403754889,0.6918535643603,0.5058211552764692,0.0767374926577719,0.4509264599568589,0.5607158505960795
Logistic Regression,Calibrated isotonic + threshold,10,0.8648936170212765,0.025961709528685272,0.8463217288191272,0.8834655052234259,0.7470525297816433,0.057007342317576225,0.7062719337637314,0.7878331257995551,0.5852219783222067,0.07501861899208595,0.531556891149836,0.6388870654945774,0.5727956989247311,0.11245578974268737,0.4923496731159147,0.6532417247335476,0.5756888282933077,0.08586266481768119,0.514266378050935,0.6371112785356804,0.8234776250803005,0.048131125128102976,0.7890466923277739,0.8579085578328272,0.635762476243028,0.07957746083917994,0.5788361900721104,0.6926887624139455,0.4978436214747883,0.0985957998051999,0.4273124351844374,0.5683748077651392
Random Forest,No handling,10,0.8617021276595744,0.017006494763520272,0.8495364141841363,0.8738678411350126,0.5976230993368757,0.04381550289225484,0.5662793767543236,0.6289668219194279,0.7757867132867133,0.17132367459902523,0.6532291395060297,0.898344287067397,0.2073118279569893,0.08720335087364439,0.1449303086857448,0.2696933472282338,0.31980500120035005,0.11626328487958028,0.23663525745090752,0.4029747449497926,0.8007728684267335,0.04852355693550934,0.7660612068706562,0.8354845299828108,0.5450458713809925,0.10646904718862246,0.4688825032024948,0.6212092395594901,0.3480529684659169,0.11516208476655347,0.2656709758221838,0.43043496110964996
Random Forest,Class weight,10,0.8367021276595745,0.02508097644646381,0.8187602779501091,0.85464397736904,0.6866232848625765,0.03882446892884823,0.6588499328936814,0.7143966368314716,0.5016581337080345,0.08240699006180163,0.4427077242670687,0.5606085431490002,0.4646236559139784,0.07212312099392355,0.41302988323081735,0.5162174285971395,0.47931162724450715,0.0667741908301554,0.43154424869355246,0.5270790057954619,0.7855875226163632,0.040453801716217846,0.7566486161858988,0.8145264290468276,0.5016574450164605,0.08974824451500008,0.43745541850391134,0.5658594715290096,0.385271150509755,0.0800299514853562,0.3280211720302082,0.44252112898930185
Random Forest,SMOTE-NC,10,0.852659574468085,0.02630455246546556,0.8338424312034466,0.8714767177327235,0.6557705601922532,0.05885466635915829,0.61366846816363,0.6978726522208765,0.5692132505175984,0.12879814575247167,0.4770766074773516,0.6613498935578452,0.3648387096774194,0.11209307100169427,0.28465215722489734,0.4450252621299414,0.4402479987612645,0.11401661559475423,0.3586854254001545,0.5218105721223746,0.7808447986482632,0.06555625480583054,0.7339486790433397,0.8277409182531866,0.506388937885521,0.11676113929803936,0.4228630505396658,0.5899148252313762,0.374787440454486,0.12459677052035056,0.28565628020111106,0.4639186007078609
Random Forest,Random undersampling,10,0.7542553191489362,0.0394717648492039,0.7260189195732081,0.7824917187246643,0.7248647049491148,0.04675947618762296,0.6914149907387279,0.7583144191595017,0.3664371005011541,0.04950977626513493,0.3310199401368273,0.4018542608654809,0.6812903225806451,0.10965539638802527,0.6028475774975206,0.7597330676637697,0.47303336705791743,0.05279378455315232,0.43526696868549253,0.5107997654303423,0.7949807885535843,0.052224504432102796,0.757621628647184,0.8323399484599847,0.543404209255081,0.09154206963700054,0.4779189575534052,0.6088894609567569,0.3626953533913526,0.07243452536972467,0.31087881543741275,0.4145118913452925
Random Forest,Threshold tuning,10,0.8324468085106382,0.03635832740143598,0.8064376279144786,0.8584559891067979,0.7167535039649616,0.057914870894757664,0.6753237011119972,0.758183306817926,0.4930960207394744,0.09478135411996401,0.425293524512507,0.5608985169664418,0.5458064516129032,0.11397872004666511,0.4642709870938243,0.6273419161319821,0.5126184969693557,0.08921277259416452,0.4487995239933297,0.5764374699453817,0.7979426500179023,0.046962108842478784,0.7643479811384891,0.8315373188973155,0.5404948591180927,0.1078732741844682,0.46332696746056634,0.617662750775619,0.4169907592983515,0.10670367680731944,0.3406595472017737,0.4933219713949293
Random Forest,Calibrated sigmoid + threshold,10,0.8297872340425532,0.029774566708770687,0.8084877921251498,0.8510866759599566,0.6999189538777906,0.061911511386051096,0.6556301266486975,0.7442077811068837,0.49110107523686175,0.09206522732555669,0.4252415790697656,0.5569605714039578,0.5076344086021505,0.1580116378688046,0.3945996922289653,0.6206691249753357,0.4836561663402361,0.08168464685337327,0.4252224901019006,0.5420898425785716,0.8039659109528652,0.04370797918320425,0.772699106198138,0.8352327157075924,0.5472566633618614,0.1013985001094563,0.4747205460534947,0.6197927806702281,0.3940315597997869,0.089966188438893,0.3296736255961666,0.45838949400340717
Random Forest,Calibrated isotonic + threshold,10,0.823404255319149,0.041792852534996,0.793507449638026,0.8533010610002719,0.6993508984558886,0.062463191456410196,0.6546674230785777,0.7440343738331995,0.47502136681638263,0.12114101099866796,0.38836230800221727,0.561680425630548,0.5161290322580645,0.12046637105498491,0.42995258178665646,0.6023054827294725,0.48652694078243525,0.09779436097335893,0.4165690692951549,0.5564848122697156,0.7944955824943497,0.04723767716785913,0.7607037839103089,0.8282873810783905,0.5331899900864242,0.10943913020655069,0.4549019525097454,0.611478027663103,0.3869016739407945,0.12072163035922728,0.3005426219632834,0.4732607259183056
XGBoost,No handling,10,0.8776595744680851,0.01958397343472917,0.8636500438252055,0.8916691051109646,0.6707736768506405,0.036391325597329334,0.6447408907671639,0.6968064629341171,0.7734829059829059,0.14878435604599385,0.667048989385006,0.8799168225808058,0.36505376344086027,0.072830006616068,0.31295431524616685,0.4171532116355537,0.489618752103908,0.07854596486662183,0.43343035370044086,0.5458071505073752,0.807794368167951,0.04667777240893612,0.7744031013198917,0.8411856350160104,0.597553238952684,0.07526453808080215,0.5437122318618901,0.6513942460434778,0.4726778507724553,0.09154440225090928,0.40719093041931087,0.5381647711255997
XGBoost,Class weight,10,0.8436170212765959,0.04583942028527341,0.8108254754098337,0.876408567143358,0.7234770247226001,0.04122626560768638,0.6939855309127607,0.7529685185324395,0.5461479156314675,0.1412484013095741,0.44510489629734773,0.6471909349655872,0.5459139784946236,0.06413076865867673,0.5000375902494322,0.5917903667398151,0.5371773370011563,0.08439758582742207,0.4768029411322581,0.5975517328700546,0.8019209365753517,0.05085592404484733,0.7655408001003505,0.8383010730503528,0.5872989850180664,0.09141293140776012,0.5219061132405025,0.6526918567956304,0.449919050919219,0.10985231386506403,0.37133543955898846,0.5285026622794495
XGBoost,SMOTE-NC,10,0.8638297872340426,0.020401631012258902,0.8492353395963579,0.8784242348717273,0.691798190517556,0.037203092669844194,0.6651847012527163,0.7184116797823956,0.6155288129744652,0.09345910455969708,0.5486721971018514,0.6823854288470789,0.4375268817204301,0.07028828278805223,0.3872456732191779,0.48780809022168226,0.5087595185624227,0.07308012269887472,0.4564811481005992,0.5610378890242463,0.8033107841581858,0.0391993008910051,0.7752692935565832,0.8313522747597883,0.5733147050030979,0.07982849595778568,0.5162088391264447,0.6304205708797511,0.44259256240214384,0.08300720073517485,0.3832127881109433,0.5019723366933444
XGBoost,Random undersampling,10,0.7319148936170212,0.05146121966999073,0.69510175473642,0.7687280324976224,0.720873171509841,0.040324510839140335,0.692026754201173,0.749719588818509,0.34740941433741374,0.054072130863594525,0.30872854210359185,0.3860902865712356,0.7044086021505376,0.06668487437797176,0.6567051167404693,0.7521120875606059,0.4627306390159405,0.05336130862445769,0.4245582583798027,0.5009030196520783,0.7896707612362255,0.04083709614570348,0.7604576624886085,0.8188838599838425,0.5415915562692696,0.07869828035307427,0.4852941979306824,0.5978889146078568,0.3486288540442931,0.07051598010558496,0.2981847606944729,0.3990729473941133
XGBoost,Threshold tuning,10,0.8606382978723403,0.026866236772873482,0.8414193498594222,0.8798572458852583,0.7201868521230123,0.05546252149812963,0.6805113543467788,0.7598623498992457,0.5892667730751222,0.08974195066215436,0.5250692489136715,0.653464297236573,0.5127956989247311,0.11844611930006792,0.42806444949800226,0.5975269483514599,0.5406616720982942,0.08040013649202063,0.4831468792177432,0.5981764649788452,0.8072456845768323,0.04245011078508956,0.7768787046674988,0.8376126644861659,0.5832115230989816,0.08982571549239592,0.5189540771877401,0.6474689690102231,0.4659160927982334,0.09282740303280804,0.39951136897539197,0.5323208166210749
XGBoost,Calibrated sigmoid + threshold,10,0.8547872340425531,0.02642379402164772,0.835884790507221,0.8736896775778852,0.726103552817173,0.05266832352376202,0.6884269038585527,0.7637802017757933,0.5619648545735503,0.08712170307868702,0.4996417426162858,0.6242879665308148,0.536021505376344,0.1126557565532733,0.45543243192860994,0.616610578824078,0.5420838657049565,0.07593789955365948,0.4877611648343395,0.5964065665755734,0.8101539343152325,0.04070966711957154,0.7810319928014802,0.8392758758289849,0.598094540016749,0.07900281254324869,0.5415793324728302,0.6546097475606678,0.4608646447240498,0.08962188062960626,0.3967530134895824,0.5249762759585171
XGBoost,Calibrated isotonic + threshold,10,0.848404255319149,0.027724283282113293,0.8285714978102022,0.8682370128280957,0.7148983553233306,0.04746667813145107,0.6809427393185103,0.7488539713281508,0.549176853436171,0.10991574755756833,0.4705478643459362,0.6278058425264057,0.5173118279569893,0.10719836314531425,0.44062673857223755,0.593996917341741,0.52297945951228,0.07533920937369362,0.4690850357964384,0.5768738832281215,0.8088681241704444,0.036316303135027005,0.7828890059234788,0.83484724241741,0.5892250483041686,0.06652870915933257,0.5416332767617262,0.6368168198466109,0.44036164251819665,0.08870239949309797,0.37690776846464025,0.503815516571753
LightGBM,No handling,10,0.8712765957446809,0.023226273608245116,0.8546615205190585,0.8878916709703032,0.6618959296181378,0.048170168508700484,0.6274370669136683,0.6963547923226073,0.703053868645974,0.13173470449026747,0.6088165380328564,0.7972911992590915,0.35236559139784945,0.0878451410035538,0.28952496312499043,0.4152062196707085,0.4675361034875696,0.10101680382982607,0.3952730352488196,0.5397991717263195,0.7982044449877284,0.047158368242462466,0.7644693805911752,0.8319395093842815,0.5763388220332738,0.0956125525064506,0.5079417223003015,0.6447359217662461,0.4358962072543105,0.1141174016900266,0.35426153586392156,0.5175308786446994
LightGBM,Class weight,10,0.8611702127659573,0.0242396054611835,0.8438302436012954,0.8785101819306191,0.6972357840931651,0.060191562122341835,0.6541773344477856,0.7402942337385446,0.6034703664456986,0.10029452364034727,0.5317239863285381,0.6752167465628591,0.4547311827956989,0.13200522694636796,0.3603003320753897,0.5491620335160081,0.5073277851034963,0.10215076868376362,0.4342535272753541,0.5804020429316386,0.7904449582523825,0.04785452738394429,0.7562118916063156,0.8246780248984493,0.5695942448681992,0.09976210067742924,0.4982287371944595,0.6409597525419389,0.44199830045068833,0.10363725581813553,0.36786067378533666,0.5161359271160401
LightGBM,SMOTE-NC,10,0.8606382978723405,0.02349541669996801,0.8438306892773598,0.8774459064673211,0.668618661458076,0.039691257808509746,0.6402252460780965,0.6970120768380555,0.6183837043589366,0.11798269174203367,0.5339839710362647,0.7027834376816086,0.3848387096774194,0.0710553928145949,0.3340087437210406,0.4356686756337982,0.4716641761746465,0.0811485970788318,0.41361396684447327,0.5297143855048198,0.7940110699891372,0.05267289737896115,0.7563311490916131,0.8316909908866612,0.5408480406732024,0.09314430360392133,0.474216619838309,0.6074794615080957,0.41278124423038476,0.09663162298886714,0.343655145390145,0.4819073430706245
LightGBM,Random undersampling,10,0.6968085106382979,0.04314015978934909,0.665947899408309,0.7276691218682867,0.6997176194798518,0.04938273666807654,0.6643913377686125,0.7350439011910911,0.31071016659885686,0.042822207422077194,0.2800770047905657,0.34134332840714804,0.7039784946236559,0.08465317018283387,0.6434212647210558,0.7645357245262561,0.43010312801095374,0.05289130504764329,0.392266967679321,0.46793928834258647,0.758924176339578,0.04062332236298795,0.729864002143742,0.7879843505354139,0.48024872566452964,0.07657957023477285,0.4254670012408193,0.5350304500882399,0.306246299120872,0.07703747886325824,0.25113700659747107,0.3613555916442729
LightGBM,Threshold tuning,10,0.7659574468085106,0.18225363509587036,0.6355810503044222,0.896333843312599,0.6946760625897828,0.06899544005621079,0.6453196980650874,0.7440324271144781,0.48650767282906787,0.17020392180941682,0.3647511219394105,0.6082642237187252,0.589247311827957,0.2157205910184397,0.4349300972828428,0.7435645263730711,0.48265422031460214,0.10696018672740006,0.4061395120752447,0.5591689285539596,0.7863904717814543,0.044263773735120096,0.7547260755557131,0.8180548680071954,0.5661850548643874,0.09174431220375094,0.5005551275459055,0.6318149821828694,0.39196165222232454,0.13480226423715186,0.2955299215597956,0.48839338288485346
LightGBM,Calibrated sigmoid + threshold,10,0.8468085106382979,0.021686361491376798,0.8312950221800652,0.8623219990965305,0.7428626442267262,0.05044543947622188,0.7067761507226857,0.7789491377307667,0.5234348437338209,0.05974742628636721,0.4806941097258949,0.5661755777417469,0.5891397849462365,0.10114699150808719,0.5167835860527702,0.6614959838397029,0.5521434361433032,0.07145315341344419,0.5010289293956145,0.6032579428909919,0.8067191817102868,0.048514989632728885,0.7720136488334189,0.8414247145871546,0.5943303177555327,0.08172697888675702,0.5358663590047723,0.6527942765062931,0.4630557165309586,0.08412504791940803,0.402876282536697,0.5232351505252203
LightGBM,Calibrated isotonic + threshold,10,0.8515957446808511,0.023178852262214174,0.8350145926426024,0.8681768967190998,0.718718619931529,0.05885029670201372,0.6766196537673208,0.7608175860957371,0.5428572627401932,0.07557080410903284,0.4887971661310403,0.5969173593493461,0.5224731182795699,0.1194548430969516,0.4370202713185234,0.6079259652406164,0.5284104739306746,0.08678059005422241,0.4663313795311775,0.5904895683301719,0.7964353035469219,0.055224302971797125,0.7569302170386306,0.8359403900552133,0.5654700183397378,0.0866964986761613,0.5034510792882692,0.6274889573912064,0.4434452070244254,0.09867179154435858,0.37285965951867067,0.5140307545301801
Stacking,No handling,10,0.8739361702127659,0.017561248956616135,0.8613736094941804,0.8864987309313515,0.6593899368779146,0.04335212775760475,0.6283776928979895,0.6904021808578397,0.7390442645589704,0.10490970961279104,0.6639963792840833,0.8140921498338576,0.34225806451612906,0.08533183808475311,0.28121534484303035,0.40330078418922777,0.46364158042670767,0.09358346038831519,0.3966960057532942,0.5305871551001211,0.8085180961248536,0.04363913793410859,0.7773005374330826,0.8397356548166246,0.5808721812912949,0.10090677840709153,0.5086878204985305,0.6530565420840594,0.44411139261919297,0.09451937424689213,0.3764963055036529,0.5117264797347331
Stacking,Class weight,10,0.798936170212766,0.025546686034507635,0.7806611719333166,0.8172111684922153,0.7272332309474208,0.048851973551861265,0.6922866342968006,0.7621798275980409,0.41974803973347863,0.04725330265891617,0.38594506334650097,0.4535510161204563,0.6213978494623655,0.10366598948637845,0.5472396679690024,0.6955560309557287,0.4986461192287825,0.05662609032587246,0.458138254456051,0.539153984001514,0.7998565686934915,0.044878556972923866,0.7677523830329125,0.8319607543540706,0.5716794294407097,0.09638773088121572,0.5027278005039901,0.6406310583774293,0.3924288931170091,0.07501938963543417,0.33876325465959717,0.4460945315744211
Stacking,SMOTE-NC,10,0.8702127659574469,0.012335125624770264,0.8613887486557518,0.879036783259142,0.647824750168837,0.029384954145608235,0.6268040202891448,0.6688454800485292,0.7307769423558896,0.0925783009596376,0.6645504154213823,0.797003469290397,0.31913978494623657,0.060508331705888506,0.2758547319916655,0.36242483790080765,0.44072248423411214,0.06547664979840963,0.3938833106209971,0.4875616578472272,0.8028475897697314,0.04099715504839357,0.773519991780713,0.8321751877587498,0.5733099187706593,0.08543281734228839,0.5121949628883229,0.6344248746529957,0.42375058404541655,0.06569603309799231,0.3767544730738904,0.4707466950169427
Stacking,Random undersampling,10,0.8558510638297874,0.007288937869182418,0.8506368717878766,0.8610652558716981,0.5675780530031322,0.031037670864327776,0.5453750408050909,0.5897810652011736,0.8823809523809525,0.1359725566252353,0.7851120449766031,0.9796498597853018,0.14150537634408605,0.0702677179771769,0.09123887902231353,0.19177187366585857,0.23326535569182627,0.09430170993951405,0.16580597624175242,0.3007247351419001,0.7901941734526592,0.049576240316706,0.7547294675700422,0.8256588793352762,0.541795157627855,0.09336633092985479,0.4750049080120409,0.6085854072436692,0.3020672284937065,0.06354947223726151,0.2566066746579904,0.34752778232942255
Stacking,Threshold tuning,10,0.8345744680851063,0.025503579627460034,0.81633030627163,0.8528186298985826,0.7262778516123831,0.058977263739989134,0.6840880587007286,0.7684676445240376,0.4978455626644992,0.06376397251471458,0.4522315645739745,0.5434595607550239,0.5661290322580645,0.13736275648396737,0.4678656357840918,0.6643924287320373,0.5203627989118579,0.073687382021721,0.46765002129972116,0.5730755765239945,0.8063783259166399,0.04488784933984197,0.7742674928972132,0.8384891589360667,0.5825001311528644,0.09974487884203105,0.5111469432380102,0.6538533190677185,0.4295886235579308,0.08349468344101095,0.36986012514656913,0.4893171219692925
Stacking,Calibrated sigmoid + threshold,10,0.8436170212765959,0.04036950204470272,0.8147384191983209,0.8724956233548709,0.7023373637491449,0.049708815671316575,0.6667778191710458,0.737896908327244,0.5489893211289092,0.12911123619578468,0.456628706677845,0.6413499355799734,0.4935483870967742,0.12454462214980414,0.4044545315404048,0.5826422426531436,0.5048796519864774,0.07842080536009327,0.4487807873003534,0.5609785166726015,0.8126145816265403,0.04330944478744665,0.7816328712040852,0.8435962920489954,0.589185461339379,0.09819074649173545,0.5189440327341013,0.6594268899446567,0.4243959380697294,0.09630234138797765,0.35550539309669504,0.4932864830427638
Stacking,Calibrated isotonic + threshold,10,0.8388297872340426,0.03972976595832734,0.8104088247831549,0.8672507496849302,0.7285803339289229,0.0556531260099573,0.6887684858988443,0.7683921819590014,0.5107219806811458,0.09747107384473261,0.44099537487393975,0.580448586488352,0.5656989247311828,0.09978130271846825,0.49431968074477706,0.6370781687175885,0.5333521711016689,0.08976025620329092,0.46914155194494855,0.5975627902583892,0.807640836980994,0.04315047668982027,0.7767728454850049,0.838508828476983,0.5729866946676465,0.10970885375468624,0.49450570848810604,0.651467680847187,0.4400201524669612,0.10929790727723333,0.361833139688051,0.5182071652458714
