learner,pipeline,n_seeds,accuracy_mean,accuracy_std,recall_mean,recall_std,precision_mean,precision_std,f1_mean,f1_std,roc_auc_mean,roc_auc_std,pr_auc_mean,pr_auc_std
Logistic Regression,A: full-data oversampling,10,0.7401360544217687,0.028331062492762772,0.8042553191489361,0.03139850159032433,0.36158520239664294,0.02904498197981031,0.49848773298427657,0.03219076457149891,0.8408217762081145,0.022141420492089642,0.6189554202403977,0.05124328222098778
Logistic Regression,B: full-data PCA,10,0.7642857142857142,0.02233588866833519,0.7340425531914894,0.04623547805108261,0.37906217522475044,0.030597260605722657,0.4995018049264255,0.033877818460016244,0.8229477129813076,0.019062259588656084,0.5943525864080257,0.05639828162752808
Logistic Regression,C: training-only,10,0.7659863945578231,0.022946232454736527,0.7340425531914894,0.04836234644321225,0.38128382208032213,0.03055778823243037,0.5013199557248843,0.03353924408908049,0.8238521836506159,0.017924238865110784,0.5996814424148492,0.05247184903128375
Random Forest,A: full-data oversampling,10,0.9724489795918367,0.012046985450466674,0.9893617021276595,0.015044825131628666,0.8625536327499812,0.0552906902024627,0.9207820473579174,0.03290226798431935,0.9982427426996295,0.001946248701043939,0.9943310753038365,0.004962454610819312
Random Forest,B: full-data PCA,10,0.8649659863945578,0.01643404383597575,0.25957446808510637,0.077561549585772,0.7222341057635175,0.1397993960953777,0.37711120663157666,0.09005916814949946,0.8045051253337927,0.033477191819253564,0.5424512998175453,0.07971455407631436
Random Forest,C: training-only,10,0.8666666666666666,0.012084274462108155,0.2531914893617021,0.07194300512292628,0.746425295718774,0.10465966494788718,0.3737967926706168,0.08176740040043495,0.7952666034972866,0.043387176887168186,0.5331876203513332,0.06852089456939339
XGBoost,A: full-data oversampling,10,0.8911564625850341,0.017417564054123848,0.9361702127659575,0.04913619312252133,0.603853248405168,0.039829169363217766,0.7337159978577645,0.040106433141795614,0.9682229304849687,0.011894640130901904,0.8653367929177396,0.03511035916756435
XGBoost,B: full-data PCA,10,0.8370748299319727,0.022301330800291466,0.5042553191489361,0.061050607706829345,0.49614849685073326,0.07151912966430547,0.4978824629676047,0.05550678587806434,0.8072271513480921,0.02608071946772988,0.5466859189708531,0.051541190638460375
XGBoost,C: training-only,10,0.8336734693877551,0.02264453635794685,0.48510638297872327,0.11249577338382041,0.478237271394416,0.07215450258772037,0.47880971475298945,0.08728546116605135,0.7921095701610819,0.03298883793263839,0.535696170545012,0.06978776394182988
Stacking,A: full-data oversampling,10,0.9826530612244898,0.008992009097006065,0.9851063829787234,0.010277572160418056,0.9150645334936961,0.0450907270560064,0.9483227320003953,0.02596678931352525,0.9983461107761219,0.0022742716965053517,0.9950643349607974,0.005256440628216359
Stacking,B: full-data PCA,10,0.8704081632653061,0.009273517027972134,0.24893617021276598,0.07305308812379059,0.8087092074592075,0.054128133725603426,0.3757066544236058,0.07876362294389383,0.8058144543026963,0.037439088583397215,0.5519451130863001,0.0638163434365003
Stacking,C: training-only,10,0.8636054421768706,0.01401958498380918,0.22553191489361707,0.06515565434244457,0.7447054334554335,0.1455341018196411,0.3430787002515162,0.08421921025570339,0.7931174089068826,0.04078616647766044,0.5238124263802905,0.0665088302147141
MLP,A: full-data oversampling,10,0.9061224489795918,0.020608739714288938,0.9957446808510639,0.008971000454378394,0.6346758303635546,0.053843101314577514,0.7740404944446133,0.03956653319548444,0.9710569385821346,0.008241182961904021,0.8120176595990694,0.04886025433250366
MLP,B: full-data PCA,10,0.8258503401360544,0.022436378423517523,0.45319148936170206,0.08917576061843918,0.45480928115122177,0.07230067891261444,0.45269310163682075,0.07661025138276154,0.7429235937634594,0.05290205051574404,0.4874492124676252,0.09471660588407554
MLP,C: training-only,10,0.8295918367346939,0.0256270942550059,0.4468085106382979,0.05211680303793996,0.4715618822429454,0.07166114228086229,0.4573537734652973,0.0576384677674358,0.7575415625807562,0.044440093099200925,0.4873374180899443,0.07325252856701212
